#{"t_start": 1775686637.9868078, "env_id": "None"}
r,l,t
-15.16,150,3.488716
-21.743,150,3.58652
1.932,5,3.590908
-34.426,150,3.684441
-146.243,150,3.779256
2.036,6,3.784255
-18.936,150,3.883435
-23.602,150,3.985273
-24.741,150,4.087687
-29.203,150,4.183684
-14.499,150,4.280336
-23.548,150,4.37535
-30.644,20,4.38951
-25.506,150,4.483757
-104.171,150,4.57918
-18.477,150,4.672678
-35.893,150,5.089797
-24.304,150,5.190429
-23.05,150,5.288045
-19.874,150,5.384466
-16.127,150,5.480044
-20.848,150,5.57882
-38.352,150,5.671947
-30.853,150,5.765043
-17.876,150,5.857043
-21.637,150,5.954043
-25.81,150,6.046538
-31.415,150,6.142811
-31.426,150,6.240531
-18.819,150,6.335876
-14.585,150,6.734953
2.316,7,6.742364
-2.297,80,6.817775
-12.519,150,6.921607
-20.493,150,7.021283
-19.513,150,7.11904
-31.207,31,7.141049
-1.233,42,7.171464
-31.022,150,7.26886
-22.008,150,7.365219
-36.838,150,7.459001
-0.372,25,7.477001
-35.063,150,7.567598
-17.436,150,7.665237
-21.136,150,7.764103
-116.379,150,7.86858
0.266,37,7.895377
-25.913,150,7.989466
-19.754,150,8.397185
-5.42,88,8.473094
-34.062,24,8.490094
-19.794,150,8.592673
-18.021,150,8.689191
-11.863,150,8.789898
-41.999,34,8.815569
-20.62,150,8.912189
-19.482,150,9.001374
-27.604,150,9.09493
-13.671,150,9.194926
-1.326,42,9.225799
-27.459,150,9.319423
-17.53,150,9.417612
-15.022,150,9.515826
-2.527,69,9.564311
-19.893,150,9.660866
-17.962,150,10.061968
-17.331,150,10.166032
-16.966,150,10.268401
-27.267,150,10.365947
-20.987,150,10.463673
-10.332,150,10.562659
1.85,3,10.564658
-18.323,150,10.66241
-26.392,150,10.760113
-12.395,150,10.859999
-27.92,150,10.957733
-30.337,150,11.051563
-31.787,35,11.076959
-24.102,150,11.171282
-39.179,22,11.186638
-13.083,150,11.285197
-34.578,27,11.304197
-9.097,150,11.674754
-9.565,150,11.775126
-12.623,150,11.877425
-15.767,150,11.983587
-20.564,150,12.081176
-13.591,150,12.177012
-34.077,150,12.2707
-21.994,150,12.368111
-16.497,150,12.468293
-10.923,150,12.56436
-14.829,150,12.657947
2.297,7,12.663947
-31.431,54,12.699479
-0.775,43,12.73168
-19.486,150,12.83168
-15.166,150,12.926859
-3.061,63,13.254951
-15.482,150,13.357878
-1.42,64,13.404463
-20.914,150,13.507779
-15.673,150,13.605681
-31.655,55,13.643421
-11.641,150,13.741458
-18.804,150,13.841635
-11.67,150,13.935103
-2.749,85,13.995209
-18.891,150,14.093058
-22.459,150,14.192784
-15.34,150,14.293182
1.949,8,14.299386
0.227,76,14.353845
-10.289,150,14.450048
-2.168,126,14.542768
-5.573,73,14.59459
-19.656,150,15.001484
-0.429,25,15.020931
-21.626,150,15.141368
-20.441,150,15.239676
-38.339,150,15.344232
-16.88,150,15.442187
-31.804,150,15.542436
-18.22,150,15.641742
-9.929,150,15.743522
-24.633,150,15.844543
-15.023,150,15.946928
-11.112,150,16.046718
-26.564,17,16.058895
-9.258,150,16.162696
-101.928,150,16.261469
-7.971,150,16.630687
-13.333,150,16.743068
2.612,4,16.747068
-0.476,44,16.784838
-14.526,76,16.838168
1.169,49,16.874526
-29.313,39,16.901644
-14.223,150,17.000319
-2.793,63,17.049921
-13.988,150,17.162669
-19.118,150,17.263475
-5.322,141,17.35999
-130.587,150,17.459481
-14.511,150,17.561714
-2.625,119,17.645526
-22.227,150,17.743277
-13.26,150,17.843731
-25.878,150,17.940265
-24.316,150,18.319608
-1.001,67,18.369691
0.494,43,18.401235
-12.074,150,18.500628
-6.676,150,18.605424
-9.739,150,18.708161
-2.195,65,18.759799
-18.387,150,18.865071
-9.282,150,18.969702
0.206,44,19.003185
-13.16,150,19.109022
-16.341,150,19.209982
-25.465,150,19.308851
-15.225,150,19.758556
2.595,5,19.762557
-47.222,64,19.805619
-2.783,124,19.888239
-8.636,150,19.99057
2.274,7,19.99657
-13.812,150,20.376313
-0.263,48,20.411783
-17.156,150,20.51735
-11.492,150,20.624817
-26.486,28,20.644989
-11.325,150,20.741417
-46.99,112,20.820279
0.973,46,20.85428
-1.405,59,20.896279
-30.506,33,20.919951
-0.859,58,20.961418
-11.787,150,21.066597
-17.385,150,21.171347
-26.585,150,21.267743
-22.517,150,21.366852
-18.203,150,21.472067
-17.572,150,21.565544
-5.57,84,21.624935
0.684,45,21.657475
-26.547,150,22.027442
0.704,46,22.067582
-37.17,150,22.180391
-20.795,150,22.291798
-36.943,34,22.317041
-37.926,43,22.364333
-18.0,150,22.472651
-2.099,82,22.530978
-18.909,150,22.633948
0.365,57,22.67326
-16.655,150,22.779062
-15.142,150,22.886957
-35.963,26,22.905957
-0.837,72,22.957611
-46.99,52,22.99594
-5.365,150,23.092869
-37.539,64,23.139592
-11.989,150,23.242774
1.272,25,23.261098
2.189,6,23.265099
0.59,40,23.294747
-20.141,150,23.393701
-1.151,67,23.442294
-34.882,150,23.830528
-6.504,150,23.953694
1.053,48,23.989947
-1.332,131,24.078977
1.428,44,24.110247
-1.046,66,24.159897
0.533,40,24.189326
-1.106,109,24.266952
0.779,30,24.289945
-25.928,150,24.38861
-32.014,150,24.495494
2.312,31,24.52208
-2.188,45,24.552984
-12.351,150,24.665553
-0.346,48,24.701265
-13.544,150,24.812834
-27.028,18,24.827517
-30.601,150,24.928759
-7.78,150,25.032976
-16.0,150,25.135651
-2.203,141,25.533025
-5.09,150,25.64252
1.783,39,25.675697
0.583,44,25.711705
-18.215,150,25.82282
-7.21,150,25.925716
-2.202,101,25.995502
0.479,52,26.033515
0.687,29,26.053667
-25.706,150,26.159234
-4.221,150,26.26487
-7.886,150,26.367925
-15.386,150,26.467898
2.262,41,26.497671
-5.918,126,26.584666
-3.487,124,26.674466
0.11,69,26.725029
-1.62,100,26.796404
-15.224,150,26.899315
-33.787,150,27.26838
-10.626,150,27.388445
-22.736,150,27.502356
-16.153,150,27.603788
1.587,49,27.639483
-11.577,150,27.747766
-25.251,13,27.757767
-12.508,150,27.864036
-10.363,150,27.967222
-19.893,150,28.068918
0.075,77,28.126155
-29.085,24,28.14345
-12.978,150,28.240729
-15.284,150,28.34267
1.232,42,28.374249
2.56,8,28.381246
2.257,7,28.386249
-12.851,150,28.484661
-1.022,74,28.537498
-16.421,150,28.637766
1.169,33,28.662913
-6.572,150,29.058396
-17.257,150,29.167472
-34.753,22,29.184992
-9.023,150,29.290315
-11.363,150,29.399249
-15.466,150,29.50222
0.383,61,29.547009
-5.376,150,29.652973
0.741,73,29.705837
-8.702,150,29.815049
-16.618,150,29.917905
0.749,51,29.954851
0.296,71,30.006317
-14.991,150,30.110304
2.641,7,30.115304
-21.469,150,30.21817
-11.384,150,30.323515
2.56,3,30.326662
0.119,73,30.379509
-0.197,64,30.426707
-15.738,150,30.805137
-10.733,150,30.915024
-14.33,150,31.018552
1.849,23,31.035241
1.068,81,31.094208
-4.891,150,31.200209
1.776,21,31.216627
1.348,37,31.244627
-0.36,65,31.292135
-0.516,64,31.338246
-6.156,150,31.443392
-9.271,150,31.548755
-0.391,34,31.573349
-8.282,150,31.676174
-0.819,89,31.740056
0.53,62,31.785425
-15.249,150,31.888788
-6.222,150,31.991945
-10.333,150,32.098783
1.828,38,32.12808
-6.73,150,32.525353
1.198,49,32.576751
1.511,88,32.652354
0.254,73,32.706121
-8.669,150,32.814199
0.608,107,32.889138
1.289,28,32.910718
-13.82,150,33.014197
-8.664,150,33.124737
1.519,34,33.150078
-17.872,150,33.254473
-10.181,150,33.364341
-14.645,150,33.467636
-5.644,150,33.570899
-16.411,150,33.671768
-6.61,150,33.777894
-9.709,150,33.882273
1.977,24,33.900547
-0.348,96,34.284158
-7.489,150,34.391398
0.441,51,34.42855
-9.431,150,34.537445
-0.195,53,34.575304
-10.571,150,34.67954
2.149,77,34.736287
0.594,63,34.786483
-14.942,150,34.892716
-10.13,150,34.999858
-2.103,150,35.108375
0.838,37,35.134783
-0.09,56,35.175602
0.932,43,35.205914
1.222,45,35.238101
-9.353,150,35.342685
-7.422,150,35.447291
2.74,3,35.451293
1.129,39,35.480975
0.348,52,35.529379
-7.083,150,35.658579
1.158,42,35.689308
-29.584,150,36.064859
-2.934,150,36.179254
-4.516,150,36.292265
2.583,4,36.295316
2.638,8,36.302184
-8.287,150,36.406208
-0.382,54,36.44719
-8.881,150,36.554289
-9.871,150,36.708444
-10.212,150,36.816804
1.026,29,36.83843
1.869,28,36.858586
1.633,37,37.264753
1.921,55,37.310174
-13.414,150,37.414295
-5.45,150,37.519323
1.631,46,37.553165
-2.562,150,37.665231
2.038,24,37.682703
-6.774,150,37.792943
-11.576,150,37.902526
-15.201,150,38.335607
-7.281,150,38.452895
-1.842,150,38.568537
1.594,45,38.603546
2.286,37,38.63098
-7.599,150,38.733678
1.63,28,38.755016
-0.359,88,38.819736
2.652,23,38.836248
-1.723,150,38.943788
-7.162,150,39.055578
2.498,59,39.100585
2.36,45,39.133206
0.484,69,39.183411
-7.184,150,39.290552
-10.557,150,39.423522
2.617,7,39.429523
-4.642,150,39.534867
1.493,40,39.565297
2.15,35,39.592458
1.035,58,39.634158
-14.494,150,39.740564
-39.862,59,39.784037
2.164,30,40.083675
1.678,35,40.112308
-30.328,20,40.128485
-18.343,150,40.23933
-5.132,150,40.344838
1.765,109,40.425362
1.215,25,40.443362
-6.258,150,40.551048
-10.105,150,40.656159
-3.674,83,40.71891
2.74,3,40.72091
-0.333,70,40.771551
-13.17,150,40.877749
-7.759,150,40.985188
-15.368,150,41.086725
1.795,54,41.12797
-6.796,150,41.23285
2.661,5,41.236851
2.35,30,41.258912
1.244,43,41.291673
2.592,5,41.294905
-8.373,73,41.348971
1.896,38,41.377263
1.96,22,41.393597
2.281,58,41.436189
-4.761,150,41.807224
2.605,5,41.811223
1.719,60,41.856266
-0.28,63,41.910648
1.534,37,41.936964
-9.33,150,42.044536
-8.719,150,42.152356
1.876,47,42.18789
0.659,86,42.250067
1.061,56,42.291067
-2.12,150,42.396111
1.857,23,42.413359
-5.67,150,42.520937
0.519,93,42.590126
-6.407,150,42.697779
-22.053,150,42.801646
0.775,41,42.830949
-7.06,150,42.937963
2.646,5,42.941962
1.503,51,42.98142
-0.005,90,43.054715
-8.697,150,43.163548
2.574,54,43.204587
0.92,128,43.296623
0.642,57,43.649428
-0.811,107,43.745804
-5.897,150,43.859997
2.322,31,43.883002
2.65,3,43.886001
2.055,47,43.920248
-9.17,91,43.988072
2.736,5,43.992071
-0.178,61,44.03785
-8.484,150,44.143685
2.419,49,44.179685
1.712,74,44.237984
-12.352,150,44.350645
-6.309,150,44.459163
1.198,42,44.490163
2.479,7,44.496332
-3.922,150,44.606539
-18.901,150,44.711569
-4.216,150,44.828748
-5.591,68,44.878659
-26.304,32,44.901995
-10.849,150,45.010234
1.601,47,45.044626
-1.272,67,45.094322
-3.788,150,45.498712
-0.77,35,45.524712
1.532,52,45.564093
-4.199,150,45.677645
1.28,34,45.702449
-4.317,150,45.812348
0.707,50,45.848363
2.575,8,45.855363
2.615,45,45.888574
-4.092,150,45.997481
1.67,51,46.035761
-14.252,150,46.140428
-1.825,150,46.249648
-5.608,150,46.358989
1.874,46,46.395437
2.665,3,46.397437
2.62,31,46.420588
-7.255,150,46.526888
2.436,26,46.545888
-25.087,23,46.563893
2.486,5,46.566894
-26.378,21,46.582888
1.628,64,46.630265
-18.097,150,46.733328
0.954,38,46.762166
2.65,5,46.766165
-12.193,150,46.870439
1.286,42,46.901556
-9.504,150,47.281674
-3.378,150,47.400629
1.245,32,47.423628
1.135,50,47.460303
2.395,32,47.492314
2.581,6,47.497313
2.072,47,47.531571
-17.599,150,47.639581
2.786,5,47.643581
-9.946,150,47.750684
-30.652,27,47.770686
2.65,3,47.773684
1.6,43,47.805692
2.643,6,47.810693
-6.442,150,47.916634
0.768,47,47.950634
2.131,24,47.96864
0.5,81,48.028634
-8.689,150,48.143133
-13.772,150,48.251962
2.181,67,48.301987
1.945,26,48.320987
-1.604,93,48.390637
0.405,59,48.438645
-7.191,150,48.54498
1.061,50,48.58205
-0.429,90,48.648419
-3.158,150,49.03841
-10.353,150,49.152709
-11.889,150,49.268543
0.586,54,49.308543
2.73,8,49.314553
2.765,3,49.317569
-5.844,150,49.424829
-12.797,150,49.530203
1.14,49,49.568909
-13.946,150,49.67826
1.719,43,49.710777
-10.995,150,49.818984
0.776,78,49.876287
-1.2,150,49.985509
1.565,31,50.008148
-2.514,150,50.117304
-0.343,75,50.172604
1.534,69,50.22293
1.345,34,50.249074
1.34,35,50.274452
1.784,31,50.297487
2.44,31,50.319771
0.978,63,50.366772
1.182,34,50.392531
0.52,67,50.441248
1.773,37,50.468601
-34.827,52,50.5056
2.736,5,50.791414
1.511,37,50.821415
2.699,5,50.825414
1.799,25,50.843415
0.484,110,50.926211
1.987,22,50.944633
-5.922,150,51.054077
-2.359,58,51.097301
0.718,70,51.14895
-7.4,150,51.256084
2.519,6,51.260084
1.788,25,51.279084
-8.214,150,51.387593
2.353,35,51.415593
0.616,43,51.446593
0.837,86,51.509807
1.982,42,51.540305
2.611,8,51.547305
1.851,44,51.579305
-4.658,150,51.688798
1.763,48,51.724922
1.898,64,51.770922
0.241,44,51.803922
2.17,30,51.825922
-7.529,150,51.935344
2.607,57,51.977345
2.269,22,51.994344
2.507,25,52.012343
0.777,46,52.046344
-2.204,150,52.154864
-10.098,150,52.259782
-5.078,150,52.63889
1.832,28,52.65889
0.792,64,52.709888
-14.474,150,52.822337
2.18,8,52.828335
-4.574,150,52.935063
-2.038,150,53.045072
2.302,40,53.075165
0.833,51,53.112492
-5.015,150,53.221482
2.001,34,53.2588
1.975,83,53.342458
-7.76,150,53.467537
2.778,42,53.499177
-22.669,150,53.625159
1.273,32,53.650159
1.41,51,53.688159
1.728,36,53.715159
2.0,53,53.754168
1.902,42,53.787566
0.828,40,53.819346
1.139,40,53.850885
2.54,7,53.855885
1.38,29,53.877893
0.568,49,53.912947
0.49,36,53.93819
2.148,50,53.98931
-11.233,150,54.096984
2.051,17,54.108984
1.683,32,54.132951
-13.272,150,54.518535
-5.071,150,54.643653
2.684,7,54.648653
2.339,6,54.652653
-119.573,150,54.762787
0.834,56,54.804917
-1.497,116,55.293754
2.254,6,55.297754
0.423,52,55.336754
-8.65,150,55.444982
2.569,7,55.449982
-19.282,150,55.556024
2.423,42,55.587438
-27.107,33,55.611968
1.276,30,55.634964
0.896,58,55.678076
-5.774,45,55.711098
-8.567,150,55.822832
2.073,29,55.844875
2.093,62,55.890536
-6.01,150,55.997885
2.736,5,56.001884
2.344,6,56.005884
-2.489,81,56.066188
2.78,3,56.068188
2.452,5,56.072188
2.554,6,56.077189
-4.605,150,56.185644
-25.346,19,56.199646
-7.648,150,56.309102
2.105,29,56.331102
2.5,19,56.344404
2.12,23,56.633125
1.556,29,56.656125
1.704,32,56.685125
-8.934,150,56.80338
1.852,25,56.822747
0.579,39,56.850747
-12.84,150,56.958979
-44.381,30,56.980979
2.318,7,56.987029
0.835,65,57.035045
2.269,46,57.069074
-2.588,150,57.176239
2.487,20,57.191695
-8.35,150,57.300921
2.765,3,57.302921
-6.289,150,57.40983
-10.404,150,57.516276
2.648,4,57.520277
1.362,36,57.546276
2.468,27,57.56727
-9.391,150,57.676671
1.815,54,57.716985
1.374,127,57.808082
-3.315,150,57.915372
-10.195,112,57.996207
1.424,50,58.033774
1.154,54,58.073986
-26.297,45,58.106986
2.468,8,58.112986
0.81,68,58.439431
2.322,26,58.46714
-4.654,111,58.567301
2.279,24,58.587651
2.395,135,58.689093
1.428,58,58.732224
1.259,47,58.76723
1.456,40,58.796589
1.654,40,58.826593
-7.376,150,58.93398
1.265,37,58.96147
1.608,34,58.987785
2.369,27,59.006787
-6.483,150,59.116059
1.729,57,59.158751
-9.411,150,59.266126
1.217,42,59.297493
2.551,5,59.30149
2.233,38,59.329489
2.303,33,59.353489
-17.651,150,59.461983
2.446,54,59.5031
1.284,23,59.5201
-11.28,150,59.62891
-5.851,150,59.737733
-6.45,150,59.847477
1.465,37,59.874857
2.65,3,59.877857
-34.147,40,59.905857
-7.313,150,60.284137
0.726,58,60.329287
1.014,63,60.377415
2.325,29,60.398642
0.759,54,60.438657
-6.584,150,60.546652
1.636,29,60.568969
2.331,45,60.601968
1.178,67,60.650968
1.437,34,60.675969
-8.088,150,60.783795
1.352,44,60.815857
-6.173,150,60.922926
2.524,5,60.926924
1.058,100,60.998922
-9.974,150,61.108471
-9.067,150,61.214842
-8.242,150,61.322763
1.928,27,61.343763
2.259,47,61.377763
-1.343,35,61.404304
1.591,23,61.421304
2.264,26,61.440427
1.265,43,61.471622
0.262,61,61.519296
1.629,65,61.567389
0.56,53,61.606052
2.631,22,61.62235
2.054,36,61.64935
0.561,35,61.67435
-5.851,150,62.04957
-6.148,150,62.166591
-6.235,150,62.275059
0.352,50,62.312193
1.636,49,62.348202
1.846,42,62.379281
-9.562,150,62.485927
-5.765,150,62.595944
2.397,7,62.601928
-0.531,49,62.637928
2.235,50,62.675928
2.153,22,62.691928
2.316,39,62.720927
0.808,42,62.752928
-7.245,150,62.85973
-6.791,150,62.967274
0.715,40,62.997488
-5.735,150,63.106611
2.763,4,63.109611
2.345,20,63.125611
1.678,56,63.167767
2.722,6,63.171767
2.052,17,63.184767
2.305,22,63.200768
1.194,31,63.223984
2.276,25,63.243221
2.111,34,63.268258
0.028,55,63.308635
1.518,41,63.338635
1.219,69,63.388852
0.673,54,63.428863
2.236,26,63.448
1.746,43,63.797225
2.409,45,63.833349
2.142,18,63.847186
0.896,44,63.880863
1.958,53,63.922097
-0.026,122,64.018051
-8.196,150,64.134452
2.078,30,64.157092
2.644,64,64.20469
1.079,38,64.232692
2.749,6,64.23669
2.464,37,64.26369
2.012,21,64.279691
-8.868,25,64.300694
-12.837,150,64.417426
1.62,37,64.447421
-5.649,150,64.55679
1.963,31,64.579859
-3.364,150,64.687995
1.009,42,64.719174
-4.469,150,64.827746
1.792,24,64.844754
-8.15,150,64.953291
1.857,28,64.974291
2.558,4,64.977291
0.217,68,65.026401
1.508,26,65.045879
2.435,20,65.060879
-7.704,150,65.170268
-0.397,50,65.223099
2.057,31,65.245245
2.373,32,65.270034
1.717,18,65.282525
1.569,41,65.312952
0.917,39,65.613556
1.291,28,65.636207
2.62,8,65.642417
2.242,22,65.658699
-8.541,150,65.779201
-9.678,150,65.887192
2.518,47,65.921401
2.725,6,65.9264
1.816,34,65.951722
2.297,23,65.968722
-8.197,150,66.077326
-6.723,150,66.187349
2.159,44,66.220394
2.026,40,66.249394
2.117,26,66.268562
2.267,18,66.282838
2.301,30,66.304837
2.785,8,66.310838
0.858,54,66.351301
-6.049,150,66.457881
1.791,33,66.482258
2.087,46,66.516258
1.309,36,66.544438
1.778,42,66.574438
2.072,35,66.600703
1.949,49,66.636993
-6.962,150,66.746948
2.262,21,66.76234
-3.463,150,66.870885
2.738,4,66.874885
-8.54,150,66.982626
1.891,23,67.000626
2.106,69,67.052388
2.451,8,67.058388
2.255,28,67.078388
-5.63,150,67.470114
2.027,62,67.515969
1.61,43,67.5484
1.849,47,67.583904
1.914,24,67.601904
2.558,4,67.604904
2.528,22,67.620904
2.732,33,67.645391
2.462,34,67.670391
-4.385,150,67.779375
2.629,37,67.807375
2.275,32,67.830548
2.55,6,67.835897
1.662,42,67.866897
-1.323,68,67.916553
1.438,28,67.937357
1.676,35,67.963975
1.01,55,68.004215
2.321,36,68.031426
2.344,37,68.058426
-6.973,150,68.166601
2.308,13,68.175601
-8.98,150,68.283389
-1.921,23,68.300556
1.569,58,68.342881
0.571,53,68.381916
-11.173,150,68.488959
2.085,33,68.513444
1.258,26,68.532443
2.462,39,68.561944
1.616,44,68.593944
2.096,25,68.612944
2.542,6,68.617309
1.771,30,68.638317
-29.101,31,68.661316
2.234,26,68.681316
2.29,37,68.708885
2.235,63,68.755097
-7.568,150,68.874324
2.576,7,68.880432
2.765,3,68.882432
2.763,4,68.885432
2.062,29,68.906838
1.3,84,69.286605
2.477,6,69.292972
2.695,6,69.299156
2.351,24,69.320793
2.765,4,69.324599
2.237,26,69.350477
-13.045,150,69.472265
2.054,25,69.490698
-6.36,150,69.605428
0.947,57,69.653322
1.325,25,69.672072
1.709,34,69.699241
2.172,29,69.724086
1.901,23,69.74608
2.249,18,69.766273
1.871,37,69.798456
2.319,35,69.824598
2.74,3,69.826708
1.708,31,69.850902
1.988,95,69.921615
0.745,50,69.959907
1.346,31,69.986764
2.486,32,70.011793
2.764,6,70.016556
1.545,30,70.042193
-8.005,150,70.152687
-6.848,150,70.258449
2.27,32,70.283641
1.578,18,70.295839
1.5,55,70.336538
-1.761,115,70.419871
2.737,5,70.424648
2.686,5,70.428852
2.65,19,70.443041
2.615,6,70.447041
2.192,23,70.464356
0.7,61,70.511306
1.457,40,70.541024
1.97,52,70.580894
1.913,46,70.616963
2.064,32,70.642178
1.983,26,70.662039
2.644,6,70.666943
-6.598,150,70.787323
2.628,4,70.791561
-0.381,150,71.309067
1.908,36,71.340053
-7.57,150,71.452307
2.203,44,71.484307
1.94,34,71.509614
1.313,49,71.545621
2.296,21,71.56325
1.203,50,71.600595
-7.789,150,71.709566
2.665,3,71.712566
1.793,43,71.744878
2.041,23,71.762042
2.056,29,71.784456
2.352,24,71.802748
1.95,40,71.831892
0.192,56,71.873223
2.667,7,71.878225
2.686,8,71.88443
2.74,3,71.88644
1.145,37,71.913621
1.805,38,71.940621
2.581,5,71.944623
1.745,29,71.965705
1.824,29,71.987043
2.422,33,72.012212
1.624,40,72.041397
2.266,21,72.057397
2.493,22,72.073397
-25.433,27,72.093704
1.857,28,72.114129
1.72,31,72.137514
2.585,27,72.157782
1.64,26,72.17699
-9.488,150,72.284639
2.719,23,72.301739
1.991,23,72.319807
-5.97,150,72.429016
2.732,7,72.434016
-13.27,150,72.542948
1.935,33,72.567386
-10.186,150,72.677032
1.348,36,72.704334
-8.376,150,73.102648
-1.828,35,73.130648
1.258,33,73.521616
-9.106,150,73.631091
2.283,55,73.672686
-2.013,48,73.709095
-10.052,150,73.816607
0.601,64,73.864823
1.735,42,73.896729
-4.315,150,74.007092
1.467,47,74.04312
-5.211,150,74.155174
-8.427,150,74.264526
-0.178,26,74.28385
1.733,48,74.32019
1.884,26,74.339866
2.39,18,74.352977
-5.45,150,74.46199
2.276,52,74.501186
2.279,24,74.518749
-6.783,150,74.628876
-8.664,150,74.737733
1.48,40,74.767786
2.252,36,74.793786
1.039,48,74.829542
1.966,24,74.848791
2.74,3,74.851791
1.946,46,74.885129
2.022,40,74.915036
-11.857,150,75.289056
2.774,6,75.294122
2.65,3,75.296339
2.255,31,75.319358
1.015,55,75.361502
1.454,46,75.396457
2.565,8,75.402457
-15.472,150,75.506377
1.995,35,75.532997
2.691,7,75.537997
2.554,6,75.542997
2.279,8,75.548288
2.572,8,75.554289
2.74,3,75.557378
1.276,34,75.5817
1.99,27,75.601699
2.339,38,75.629938
1.641,34,75.654938
2.459,6,75.658938
-20.767,150,75.769876
1.466,43,75.801876
1.401,69,75.853876
2.06,38,75.882306
2.44,19,75.896306
2.65,3,75.899306
2.373,21,75.915313
2.522,63,75.962621
2.693,19,75.976621
2.74,3,75.979621
1.733,65,76.027641
1.708,25,76.048051
1.846,64,76.096468
-8.158,150,76.203734
2.186,7,76.208732
-5.936,150,76.317929
2.293,5,76.321929
-10.567,150,76.432756
2.673,4,76.437109
2.888,90,76.503299
1.992,42,76.533991
0.572,59,76.577471
1.438,65,76.62546
0.455,65,76.673459
-5.713,150,77.058374
0.956,49,77.098538
2.025,15,77.112538
2.608,6,77.117534
1.899,54,77.156866
2.017,90,77.2227
2.578,4,77.2257
2.757,7,77.2307
2.574,6,77.2347
-5.22,150,77.343715
1.421,48,77.379536
2.308,75,77.435843
1.539,43,77.489034
2.212,58,77.531345
-10.643,150,77.635843
2.57,29,77.659949
0.957,41,77.69088
1.719,59,77.733764
-0.905,59,77.777277
1.628,28,77.798517
-4.41,150,77.907216
2.31,25,77.925533
2.121,116,78.009591
-0.827,20,78.023979
2.368,30,78.047542
2.462,7,78.052542
1.308,46,78.085542
2.559,42,78.116557
-14.686,55,78.157229
-5.934,150,78.265547
2.474,5,78.269547
2.366,45,78.30272
-24.961,33,78.32672
-5.571,150,78.433152
2.222,28,78.45415
2.738,4,78.457213
2.673,4,78.460213
2.891,38,78.488213
-6.194,150,78.861098
1.345,59,78.914314
-10.143,150,79.030078
2.066,35,79.056076
2.419,6,79.060076
2.124,30,79.083076
2.556,5,79.086076
0.631,86,79.147569
2.295,35,79.173871
1.447,46,79.208097
2.577,7,79.213199
1.503,43,79.246188
2.084,57,79.29224
2.595,71,79.346194
-5.973,150,79.454644
2.081,53,79.494719
2.738,4,79.497722
1.771,54,79.537704
1.955,51,79.575888
2.062,54,79.61589
1.297,35,79.64189
2.598,31,79.665206
1.915,24,79.683217
1.624,39,79.712825
2.273,30,79.735244
2.014,37,79.762821
2.5,24,79.779821
2.738,4,79.782821
1.754,56,79.824807
-7.026,150,79.934035
0.989,35,79.961409
2.582,4,79.964914
-3.191,150,80.072435
1.796,39,80.101443
1.922,45,80.134444
2.188,46,80.167674
-24.266,34,80.192684
1.214,58,80.235393
2.598,28,80.256708
0.056,31,80.2791
2.169,28,80.590536
2.569,33,80.618535
-2.006,150,80.749838
1.826,33,80.780208
2.127,57,80.822432
1.174,49,80.860147
1.582,34,80.890841
2.65,3,80.89285
1.73,23,80.911202
2.753,4,80.914454
1.783,39,80.94633
-7.62,150,81.061947
2.463,4,81.064948
2.396,135,81.162434
2.648,4,81.165661
1.855,46,81.201035
2.182,23,81.218306
1.977,47,81.252306
2.227,28,81.272684
2.74,3,81.275078
-25.682,25,81.294196
2.738,4,81.297337
2.338,7,81.302369
1.143,108,81.381271
2.256,24,81.398582
2.337,71,81.452033
2.162,37,81.479033
2.594,53,81.519034
2.597,4,81.522033
-5.956,150,81.635969
-13.395,52,81.675079
-5.977,150,81.782133
1.29,55,81.822548
2.673,24,81.84059
1.702,34,81.865098
-11.397,150,81.971818
1.403,43,82.003801
0.361,37,82.031452
-8.803,150,82.402356
1.357,26,82.424255
1.861,38,82.451863
2.155,42,82.486348
2.226,22,82.504608
2.521,54,82.549976
1.287,76,82.606984
1.675,55,82.647421
2.484,54,82.688585
-16.609,150,82.795391
2.113,34,82.821391
2.94,51,82.859401
1.878,56,82.89987
0.693,37,82.927128
2.159,16,82.939129
2.68,72,82.991662
-7.048,42,83.022646
0.992,30,83.044787
-4.467,46,83.078552
2.293,35,83.104695
2.064,34,83.130179
2.382,43,83.161179
-12.177,150,83.265864
2.272,39,83.29514
2.646,5,83.299298
2.648,4,83.302305
-8.595,150,83.41105
2.558,4,83.41405
1.851,78,83.471051
2.65,3,83.47405
2.156,27,83.494391
2.567,6,83.499391
2.788,4,83.502389
1.936,33,83.526389
2.296,37,83.553817
2.35,15,83.565024
2.749,6,83.570034
2.65,3,83.572034
-5.649,150,83.680802
2.659,6,83.685802
2.598,19,83.699802
-16.494,150,83.80381
-4.028,150,84.183596
2.773,61,84.231769
2.74,3,84.234768
-1.778,150,84.353766
2.251,18,84.371964
2.311,23,84.390857
2.746,26,84.412434
0.027,63,84.462664
-1.227,21,84.478291
2.615,66,84.537314
-27.696,46,84.574736
2.558,4,84.578736
2.488,62,84.624137
2.475,8,84.630136
1.808,32,84.654136
1.662,56,84.694887
2.648,7,84.699931
2.335,34,84.725098
2.74,3,84.727108
1.229,69,84.777761
0.956,35,84.802761
-7.374,150,84.912941
-30.626,44,84.945159
2.61,44,84.97745
-4.49,150,85.086829
2.118,59,85.13074
2.446,7,85.13574
2.359,28,85.15574
0.136,57,85.19774
1.343,29,85.220182
2.022,20,85.234429
2.075,18,85.247429
2.15,32,85.271429
-4.53,150,85.380359
2.219,39,85.408861
2.564,7,85.414863
-23.719,24,85.432184
2.61,45,85.466527
2.228,20,85.481537
2.132,20,85.496627
-8.532,150,85.602893
-5.855,150,85.709248
2.538,21,85.992278
-12.687,150,86.113263
-31.768,34,86.138309
2.74,7,86.143309
2.665,8,86.149309
-23.636,10,86.159536
1.95,24,86.181663
-5.005,150,86.289204
0.9,56,86.330376
0.976,45,86.362512
2.143,17,86.375922
2.65,3,86.377922
1.788,35,86.404171
0.929,48,86.439399
0.747,137,86.54132
2.672,35,86.567332
2.156,44,86.599563
2.353,18,86.612563
1.627,46,86.646564
0.805,41,86.676564
-25.735,13,86.685563
-9.763,150,86.794815
1.917,28,86.815815
2.291,33,86.840324
2.256,32,86.864093
1.172,54,86.903744
2.624,19,86.918079
2.473,22,86.934078
2.765,3,86.936079
2.428,41,86.967626
-4.907,150,87.076525
1.946,29,87.098781
2.727,130,87.193372
2.059,28,87.213372
2.039,39,87.242897
-15.385,150,87.35021
2.563,6,87.355211
2.565,39,87.384709
2.389,22,87.401157
1.639,55,87.441243
1.207,60,87.485542
1.817,37,87.795204
2.245,17,87.807405
-15.03,150,87.931366
2.189,32,87.954945
2.169,18,87.968696
2.122,56,88.01136
1.523,49,88.047053
2.298,18,88.060504
2.529,26,88.080291
2.313,24,88.098616
-8.605,150,88.205798
1.435,93,88.274198
1.123,33,88.298642
1.495,68,88.34897
1.889,45,88.382614
1.755,39,88.410798
2.556,5,88.414798
0.477,150,88.525036
-25.906,11,88.533036
-8.784,150,88.641727
1.292,29,88.662727
1.014,32,88.686803
2.006,31,88.709803
1.04,30,88.731291
1.534,60,88.776001
2.568,23,88.793496
1.65,38,88.820954
2.574,6,88.825979
2.373,18,88.83902
1.998,24,88.856381
2.063,32,88.880746
1.714,57,88.924107
-5.464,150,89.033435
1.4,33,89.057435
2.493,32,89.080453
2.347,37,89.108611
2.067,117,89.194106
2.098,67,89.244116
2.366,25,89.262505
-5.001,150,89.687518
2.475,32,89.715518
2.738,4,89.719517
2.81,43,89.751516
1.566,66,89.802857
-5.983,150,89.910221
1.68,35,89.935828
2.05,22,89.952283
1.725,33,89.977925
-1.392,150,90.089013
2.385,52,90.127013
1.124,52,90.166021
2.749,40,90.195695
-5.087,150,90.303982
1.878,43,90.335551
1.019,43,90.366551
-8.159,150,90.473533
2.189,39,90.502778
2.163,47,90.537713
2.129,44,90.570596
-8.874,150,90.675485
-5.314,150,90.78807
1.479,37,90.81507
2.122,37,90.84207
1.1,37,91.264579
1.916,30,91.286555
1.49,52,91.323798
2.417,43,91.355862
1.642,34,91.381054
2.065,46,91.415768
1.728,43,91.447777
-3.538,150,91.856128
2.795,26,91.880102
2.214,39,91.913314
2.168,18,91.927624
2.499,7,91.932624
0.444,98,92.01811
1.952,52,92.056313
2.673,4,92.059313
2.304,25,92.077327
1.576,23,92.098224
1.827,25,92.117684
2.133,37,92.146989
1.779,25,92.166441
0.546,54,92.210224
1.814,37,92.239533
1.77,43,92.274774
-8.188,150,92.384159
0.414,66,92.434054
-19.391,150,92.536834
1.775,51,92.57542
2.43,40,92.604684
1.953,35,92.631121
1.729,28,92.651551
2.269,22,92.667632
2.461,35,92.692967
2.613,7,92.697968
2.041,29,92.720105
2.648,4,92.723105
-7.186,33,92.747105
2.658,39,92.775484
2.834,28,92.796679
2.712,5,92.800679
1.466,39,92.829388
2.424,37,92.856749
2.65,3,92.858749
2.663,4,92.861749
1.53,53,92.900525
1.603,37,92.928146
-7.566,150,93.037004
1.891,46,93.072721
2.291,26,93.092742
2.264,21,93.108147
2.402,4,93.111147
2.2,51,93.148868
2.178,52,93.187011
-6.277,150,93.295382
1.739,48,93.33139
2.107,8,93.33739
2.669,6,93.34139
-10.287,150,93.729835
-6.886,150,93.857223
1.695,32,93.880533
-10.583,150,93.988469
1.867,67,94.038507
-8.501,150,94.14766
1.905,23,94.163851
2.15,16,94.175867
-13.696,150,94.2912
2.555,3,94.293718
0.856,44,94.326172
2.532,8,94.332171
1.611,33,94.357078
0.286,65,94.408456
0.708,35,94.434829
1.939,26,94.453959
2.273,30,94.476207
1.221,29,94.497802
0.496,35,94.523031
1.865,49,94.56074
1.223,44,94.592739
1.405,33,94.616392
1.299,42,94.647728
2.283,28,94.667727
1.693,131,94.776137
1.962,35,94.802419
1.303,25,94.822217
-17.575,150,94.927131
2.612,7,94.932571
1.703,66,94.981328
1.86,50,95.018845
1.115,79,95.075845
2.392,48,95.111202
1.556,43,95.14387
2.717,50,95.47708
2.763,4,95.480077
1.8,34,95.509157
2.309,64,95.557378
-5.034,150,95.674832
1.349,23,95.691832
2.691,8,95.697833
2.757,4,95.700832
1.977,46,95.734832
1.885,36,95.760692
2.646,5,95.764701
1.622,31,95.7877
2.304,36,95.814284
2.015,36,95.841464
-0.933,150,95.951158
1.817,39,95.979818
2.648,4,95.983818
2.056,35,96.010221
2.373,28,96.035447
2.844,29,96.056447
1.115,53,96.094671
2.764,59,96.138661
2.318,31,96.161661
2.596,8,96.167677
2.492,55,96.207918
2.646,26,96.227399
2.447,21,96.242416
2.378,33,96.267177
2.162,40,96.296973
2.548,8,96.302974
-5.736,150,96.409918
2.65,27,96.431117
2.416,100,96.504415
1.755,46,96.538604
2.534,45,96.57308
2.74,3,96.575229
1.228,77,96.633174
-8.118,150,96.742521
2.748,5,96.746519
2.44,39,96.775519
2.448,8,96.781519
1.635,30,96.803745
-0.46,88,96.869683
2.646,5,96.872683
1.749,37,96.900683
0.432,36,96.926558
1.999,27,96.946742
2.584,5,96.949741
1.606,75,97.278645
2.312,27,97.298989
-6.394,150,97.421845
1.957,34,97.448989
-6.623,150,97.558407
2.518,36,97.585407
2.548,30,97.607407
2.619,8,97.613407
2.592,5,97.616804
2.422,32,97.641988
-8.624,150,97.749399
1.93,29,97.771458
1.567,40,97.800458
1.66,28,97.820758
0.943,48,97.857135
2.182,25,97.875637
2.199,33,97.90109
2.435,49,97.936685
1.356,45,97.970502
2.502,37,97.998851
1.828,27,98.018845
2.488,23,98.036032
2.158,26,98.055032
2.642,7,98.060032
2.636,6,98.065034
-2.004,51,98.102064
2.298,39,98.131064
2.163,23,98.148065
2.332,25,98.166535
2.633,33,98.190544
1.562,35,98.216617
2.74,3,98.218616
2.127,25,98.237681
1.885,52,98.275924
-1.598,150,98.382757
2.74,3,98.385757
2.461,5,98.388757
2.269,18,98.401854
2.658,7,98.407853
-8.182,150,98.515663
-3.543,26,98.534854
2.066,36,98.562405
1.805,49,98.598016
1.912,33,98.62323
2.666,7,98.628903
2.315,69,98.682626
-5.026,150,98.796742
2.233,31,99.134441
2.32,35,99.161375
2.642,7,99.167179
-10.69,150,99.278308
1.883,45,99.31539
2.648,4,99.318443
1.342,45,99.350442
2.515,37,99.378305
2.629,36,99.404638
-27.199,27,99.424996
1.982,28,99.445424
2.74,3,99.447424
2.74,3,99.450425
2.182,30,99.47245
2.197,36,99.503886
1.577,52,99.543757
2.548,14,99.554048
2.567,22,99.569427
2.314,17,99.582014
2.078,26,99.602015
2.296,40,99.630335
-10.825,150,99.736425
2.65,3,99.739418
-4.651,150,99.853501
1.006,38,99.887363
2.172,29,99.911517
1.205,43,99.944949
1.882,29,99.966791
1.868,30,99.989513
2.706,8,99.995514
-4.533,150,100.104064
-8.096,40,100.133711
2.584,16,100.145283
-3.766,19,100.160256
2.62,6,100.164278
2.74,3,100.167279
2.162,24,100.184288
2.074,33,100.209579
1.759,41,100.239971
2.215,68,100.28941
2.463,27,100.309718
1.855,42,100.343271
2.504,6,100.347906
2.07,26,100.367095
-12.282,150,100.476518
1.321,34,100.502084
1.573,39,100.530769
1.215,31,100.553032
2.132,27,100.573032
2.176,30,100.596037
2.582,8,100.602037
2.74,3,100.605037
2.392,41,100.635625
-7.111,150,101.027644
2.165,34,101.052181
-27.382,14,101.064246
-4.441,150,101.180301
2.396,42,101.212595
2.183,30,101.234594
0.981,46,101.268896
2.542,18,101.281897
1.703,27,101.302118
2.65,3,101.305118
-7.167,150,101.415632
2.753,4,101.418631
2.299,40,101.448632
2.551,7,101.454632
0.939,45,101.488631
2.433,28,101.509632
2.496,6,101.513632
2.714,32,101.537632
2.384,31,101.561053
2.594,21,101.576053
2.746,43,101.608053
0.642,42,101.639053
1.81,25,101.657665
2.151,22,101.674665
2.971,35,101.700665
1.957,24,101.718665
1.812,34,101.744665
2.147,89,101.810687
2.67,3,101.812687
-4.406,150,101.922938
2.736,5,101.927299
2.74,3,101.930298
2.171,28,101.951298
2.072,44,101.984151
2.233,33,102.009493
2.462,39,102.039812
2.686,28,102.060812
-3.406,42,102.092812
2.388,80,102.151806
1.591,39,102.180806
2.594,6,102.185806
2.276,18,102.198806
2.567,50,102.235806
2.218,25,102.254381
2.65,3,102.256706
2.357,18,102.269705
2.257,30,102.291705
2.097,36,102.318705
2.648,4,102.321707
2.187,35,102.347705
2.499,7,102.352705
2.368,28,102.374028
-6.21,150,102.774281
2.514,26,102.793515
2.442,19,102.808512
-11.984,150,102.929365
2.14,68,102.982769
1.982,79,103.04077
0.115,86,103.103896
1.223,43,103.135895
2.052,32,103.158895
2.849,39,103.188113
2.734,6,103.192113
2.024,31,103.215211
1.871,75,103.270427
0.567,42,103.300974
1.872,31,103.323993
1.537,29,103.345264
-23.25,11,103.353263
2.094,32,103.376678
2.234,6,103.381677
2.407,20,103.395978
2.253,41,103.426352
-1.906,43,103.45845
-7.08,150,103.56911
2.67,3,103.57211
2.555,33,103.596679
-2.321,150,103.707502
1.777,29,103.729473
-7.659,150,103.838259
-7.283,150,103.949666
1.711,36,103.975921
-25.456,17,103.988918
2.668,40,104.018222
2.604,7,104.023222
2.64,8,104.030222
1.974,21,104.045223
1.709,75,104.099222
1.742,27,104.119222
1.679,24,104.136587
2.169,25,104.154908
-4.448,150,104.260906
2.705,44,104.563785
1.953,26,104.587248
2.941,34,104.613538
2.166,39,104.643879
2.708,36,104.674009
1.765,38,104.706598
2.484,40,104.737598
2.733,7,104.742598
2.16,43,104.774598
2.632,6,104.778598
1.439,61,104.823067
2.988,54,104.863431
2.737,57,104.905008
-11.812,150,105.01669
1.159,47,105.055402
1.578,61,105.108514
2.526,20,105.124748
2.049,21,105.140748
2.594,29,105.163356
2.418,23,105.180356
2.589,27,105.200356
-7.596,150,105.310831
2.738,4,105.313831
-14.337,150,105.421004
2.745,8,105.427004
2.686,5,105.431004
2.295,29,105.453032
1.873,35,105.478543
2.706,41,105.510337
-3.741,150,105.621016
-6.592,150,105.727007
2.419,35,105.753372
-4.644,150,105.862304
2.366,31,105.886847
2.558,4,105.889846
2.22,17,105.902219
-4.142,150,106.0116
3.049,42,106.04217
2.646,5,106.04617
1.269,44,106.079186
2.366,44,106.393863
2.657,6,106.397863
-7.687,150,106.511488
2.224,26,106.532487
2.143,32,106.559489
2.29,25,106.579703
2.013,28,106.599703
2.784,6,106.604856
1.902,46,106.639576
1.996,18,106.65364
-6.5,150,106.762772
1.507,29,106.785024
2.614,36,106.811481
1.704,28,106.833479
0.769,55,106.87448
1.335,25,106.893874
-0.886,35,106.920592
2.091,42,106.950948
2.566,25,106.969849
2.695,8,106.976207
2.322,7,106.982017
1.912,40,107.012298
1.915,40,107.043168
1.013,32,107.066894
-4.168,150,107.179391
2.593,24,107.201667
1.677,28,107.22282
2.286,27,107.243643
2.468,8,107.24943
2.658,5,107.253562
2.876,52,107.293469
1.67,29,107.316046
2.763,4,107.319383
2.644,8,107.325802
2.097,22,107.34426
1.816,39,107.373945
2.738,4,107.377075
2.51,29,107.399832
-15.73,150,107.511422
2.609,50,107.556657
2.761,5,107.560904
2.591,30,107.585523
3.076,46,107.62128
1.621,35,107.649049
1.588,46,107.685049
-7.741,150,107.797146
-1.284,27,107.818147
1.709,32,107.842149
1.796,24,107.859147
2.351,24,107.878147
2.362,21,107.894147
2.049,19,107.909146
2.03,26,107.929146
-7.404,150,108.406236
2.635,33,108.443751
2.494,25,108.469155
2.116,34,108.50324
2.234,29,108.525693
2.5,66,108.580794
2.352,19,108.595142
2.738,4,108.598141
1.852,25,108.616966
2.081,34,108.64558
2.749,8,108.653071
1.399,50,108.694183
-8.395,150,108.813367
2.648,6,108.818367
2.579,21,108.835861
2.384,25,108.856041
2.43,19,108.870497
2.051,44,108.906864
2.085,63,108.954682
2.03,34,108.995136
1.12,32,109.029469
2.724,5,109.03647
2.554,6,109.04347
2.738,4,109.048053
2.367,18,109.064127
1.676,38,109.092376
2.67,3,109.094375
2.778,4,109.097376
1.971,29,109.119892
2.648,4,109.122892
2.455,23,109.143312
1.705,41,109.17381
-10.188,150,109.278586
2.462,7,109.283586
