#{"t_start": 1775776503.368937, "env_id": "None"}
r,l,t
-7.681,150,0.16065
2.319,35,0.190454
2.765,3,0.192454
-24.313,150,0.306531
2.642,33,0.333095
2.369,67,0.38344
2.226,29,0.411445
2.604,23,0.428743
-13.079,150,0.544766
2.039,30,0.57422
1.984,40,0.612682
-15.155,150,0.733858
-9.075,150,0.852849
1.946,35,0.885048
-4.186,150,1.015054
-5.277,150,1.150564
-14.024,150,1.263587
-4.805,150,1.409122
1.874,39,1.440127
-24.001,27,1.461131
-12.259,150,1.580458
2.09,35,1.614466
-13.17,150,1.729661
-4.969,150,1.848085
2.288,41,1.88109
2.135,31,1.907095
-1.772,32,1.9331
-18.233,150,2.053141
-5.972,150,2.172782
2.455,25,2.194021
-6.995,150,2.312263
-4.318,150,2.442616
1.688,35,2.469782
-12.891,150,2.584803
2.147,28,2.60801
1.809,46,2.646352
2.765,3,2.649363
2.67,21,2.667575
-4.706,150,2.791599
-14.036,150,2.902904
-0.978,34,2.928909
-13.038,150,3.050004
2.642,30,3.075008
2.804,28,3.097013
2.414,28,3.119016
-4.123,150,3.24945
0.102,54,3.291737
-24.445,44,3.328343
2.27,43,3.363974
2.704,24,3.383131
-7.478,150,3.505892
1.9,55,3.548901
-12.134,150,3.672752
-3.636,150,3.792717
1.694,70,3.850756
2.604,33,3.876761
-10.486,150,3.989294
-9.111,150,4.110707
-6.724,150,4.234027
-5.9,150,4.354769
-6.749,150,4.482211
-4.669,150,4.605637
-5.319,150,4.734571
-13.004,150,4.862324
-33.722,32,4.889085
2.688,48,4.926363
-25.552,14,4.937365
-7.184,150,5.064754
2.373,26,5.086751
-4.958,150,5.20725
-32.698,26,5.229261
-6.076,150,5.356831
-3.681,150,5.478881
-5.432,150,5.606461
2.727,30,5.630465
-9.02,150,5.753133
-4.734,150,5.868451
-8.26,150,5.991603
-4.707,150,6.12027
-9.757,150,6.231379
-9.107,150,6.358403
-29.52,28,6.384409
1.859,32,6.408424
2.229,35,6.435684
-30.101,22,6.456085
-8.075,150,6.588088
-24.77,20,6.603091
-29.624,30,6.626095
2.168,39,6.656552
1.886,24,6.677549
2.305,23,6.696552
2.648,24,6.716922
-5.3,150,6.84948
-16.464,150,6.976283
1.582,58,7.056209
-4.747,150,7.18105
-0.112,29,7.203391
-4.258,150,7.336765
2.843,51,7.382096
-35.899,39,7.424105
3.42,105,7.521817
-4.391,150,7.663374
-28.426,17,7.676377
-8.08,70,7.732657
1.509,68,7.786793
-4.034,150,7.933931
2.298,21,7.955199
-14.628,150,8.078725
2.408,21,8.094728
2.331,34,8.123734
1.86,20,8.142869
-4.975,150,8.260791
-4.392,150,8.396261
-6.576,150,8.521685
-25.118,22,8.539688
2.849,38,8.575824
-6.268,150,8.712966
2.74,3,8.714966
2.427,36,8.74297
1.195,73,8.803324
-3.885,150,8.921403
-11.249,150,9.045833
2.343,31,9.07126
-23.785,24,9.089265
-15.082,150,9.209495
2.636,23,9.230578
2.827,52,9.270585
2.482,47,9.313594
-24.638,21,9.331596
-4.513,150,9.455616
-10.84,150,9.571518
2.569,29,9.597353
-3.16,150,9.719123
2.55,33,9.745128
2.202,42,9.78086
2.107,22,9.797089
2.515,19,9.812092
1.807,46,9.852099
-26.566,23,9.873104
-7.419,150,9.992838
1.69,55,10.037592
2.928,34,10.069352
2.714,26,10.090358
-7.298,150,10.21088
-25.335,10,10.218881
2.551,29,10.240886
-7.552,150,10.366442
-27.265,22,10.383446
2.613,15,10.395448
-4.428,150,10.515254
-25.173,19,10.530257
-20.74,150,10.653914
-3.87,150,10.7783
2.334,38,10.814084
2.484,35,10.841508
-4.643,150,10.957702
-3.328,150,11.084025
2.814,57,11.139035
1.914,47,11.182043
2.696,42,11.215855
2.954,66,11.270866
2.216,20,11.28887
2.089,39,11.323211
-4.562,150,11.450473
2.835,33,11.476478
-4.209,150,11.600055
2.341,16,11.613395
-17.815,150,11.726312
-22.432,150,11.840134
-5.126,150,11.97168
2.462,23,11.988682
1.411,32,12.013687
-10.775,44,12.046694
2.246,29,12.068697
1.87,33,12.097833
1.902,27,12.118232
-7.619,150,12.238787
2.65,3,12.240788
-29.525,23,12.258791
-2.979,150,12.376866
1.235,36,12.405081
2.233,30,12.429085
1.225,79,12.490097
2.49,20,12.50652
-25.533,19,12.521534
-24.922,36,12.554244
-23.328,25,12.577249
-8.509,150,12.690076
3.013,38,12.719411
-26.819,16,12.731647
2.197,22,12.750817
2.413,49,12.800044
2.609,25,12.825049
-29.71,20,12.843641
1.046,72,12.898429
-7.305,150,13.020073
3.379,101,13.099089
-7.806,150,13.224003
1.9,33,13.256537
-8.566,150,13.381391
2.849,21,13.401542
2.74,3,13.403543
-4.269,38,13.435549
-4.034,150,13.565216
2.219,32,13.589217
2.532,31,13.613472
0.187,39,13.647485
2.586,16,13.659075
2.248,27,13.695216
-5.309,150,13.823678
2.562,32,13.851683
-9.369,150,13.973694
-26.92,18,13.988115
2.518,37,14.019121
2.432,25,14.039178
2.901,48,14.082372
-4.214,150,14.206663
2.029,35,14.233667
2.801,35,14.260673
2.468,24,14.283676
-6.77,150,14.398699
-4.154,150,14.518721
-3.973,150,14.635935
-30.871,34,14.662318
2.905,31,14.693733
-9.839,40,14.727739
2.694,26,14.747164
2.748,30,14.771342
2.381,24,14.790346
-9.701,150,14.912764
-10.602,150,15.030883
-34.637,22,15.064066
2.698,32,15.088068
-8.257,150,15.205142
-14.77,150,15.329165
-7.13,150,15.445689
0.462,33,15.471808
-1.082,41,15.502813
-4.217,150,15.629286
-8.675,150,15.75173
2.245,41,15.782847
2.52,26,15.803989
2.311,25,15.824988
-4.021,150,15.950116
-16.408,150,16.063293
-10.865,150,16.188707
-13.13,150,16.305596
-6.506,150,16.424864
-25.221,20,16.440867
-10.484,150,16.564005
2.345,41,16.887069
-5.833,150,16.99809
2.474,29,17.020094
-29.981,20,17.040098
-30.842,18,17.054101
2.64,33,17.078105
-4.457,150,17.193528
-20.651,150,17.325325
-7.512,150,17.442354
2.474,38,17.479399
2.561,28,17.502843
2.763,26,17.522846
-11.809,150,17.645314
-4.794,150,17.776691
-13.571,150,17.902145
-10.928,150,18.018421
-7.671,150,18.143635
2.364,29,18.165639
2.046,28,18.187643
-5.14,150,18.315763
2.504,34,18.347383
2.883,27,18.373522
1.979,42,18.416991
2.485,24,18.437769
-5.17,150,18.588209
-1.75,150,18.74014
2.608,47,18.778166
0.556,22,18.802604
2.724,29,18.830613
2.381,21,18.847639
-17.371,150,18.966572
-9.893,150,19.091302
1.515,55,19.137267
1.733,57,19.188515
0.71,47,19.229525
-6.796,150,19.348885
-24.799,12,19.359883
1.029,53,19.405309
-4.732,150,19.530578
-12.685,35,19.559587
-25.342,150,19.681604
2.224,56,19.735758
2.381,34,19.762897
2.361,45,19.799904
-9.582,150,19.918078
2.148,37,19.947084
2.224,26,19.967086
2.591,32,19.992415
-24.873,11,20.002685
-28.538,37,20.03069
2.376,27,20.050694
-5.765,150,20.175561
2.702,22,20.194565
1.651,45,20.22957
-16.94,150,20.350054
-9.106,150,20.472907
-12.018,150,20.60374
-13.998,150,20.722053
2.336,59,20.773126
-4.261,150,20.894075
-6.459,150,21.026541
-4.335,150,21.158226
-5.569,150,21.277437
2.388,25,21.296441
-16.927,150,21.412464
2.759,20,21.429463
2.538,20,21.448917
-4.141,150,21.591685
-13.197,150,21.71081
2.515,20,21.728814
2.535,22,21.748033
2.287,28,21.772039
-25.343,20,21.792127
2.472,30,21.818699
-14.064,150,21.935956
2.793,72,21.997756
-9.14,150,22.112897
-27.519,50,22.152821
2.177,33,22.178349
-17.644,150,22.292748
-11.063,150,22.424109
-3.791,150,22.541405
1.786,35,22.570415
-14.361,150,22.695063
2.064,92,22.766396
-12.339,150,22.885347
-17.32,150,23.003166
-7.43,150,23.121975
-28.497,46,23.15955
-16.827,150,23.282467
-6.431,150,23.400419
-4.351,150,23.527156
-4.432,150,23.659833
-12.792,150,23.77193
-5.574,150,23.891195
2.441,34,23.917205
-4.519,150,24.043929
-12.253,150,24.171978
2.041,31,24.196056
-4.859,31,24.219061
2.033,43,24.25225
2.553,21,24.273709
2.63,23,24.290711
-14.351,150,24.418838
2.684,41,24.451153
-16.921,150,24.571811
-4.087,150,24.693535
-4.543,150,24.81433
-25.347,13,24.829784
2.134,39,24.868153
1.855,36,24.898898
-3.215,25,24.928172
2.104,30,24.952179
2.668,31,24.981184
-23.888,150,25.113386
2.826,30,25.142184
1.996,31,25.168916
-4.604,150,25.304964
2.039,37,25.339748
-3.963,150,25.464161
-4.51,150,25.601986
-5.759,150,25.75066
1.925,65,25.805803
2.003,48,25.847057
-16.777,150,25.957337
-5.273,39,25.990829
2.4,28,26.01673
-22.677,150,26.155486
-11.882,150,26.280032
-1.034,28,26.304037
-6.823,150,26.433067
-4.682,150,26.554109
-6.826,150,26.682046
-14.325,150,26.804093
-10.727,150,26.929727
-23.306,150,27.040045
-8.555,150,27.172332
2.315,29,27.195413
1.663,63,27.25047
-4.621,150,27.377819
2.466,40,27.412402
2.327,54,27.458284
-6.526,150,27.58588
1.791,22,27.604273
-5.307,150,27.730229
3.067,77,27.792666
2.808,27,27.818111
1.894,41,27.851277
1.963,79,27.914652
-8.706,150,28.03178
2.779,49,28.072313
-9.128,150,28.194174
2.613,37,28.22313
-8.074,150,28.338133
-8.992,150,28.454485
-22.739,150,28.578123
2.443,35,28.612448
-5.504,150,28.731266
-10.085,150,28.849515
1.829,38,28.87994
-12.857,150,29.003904
-3.76,150,29.135672
0.566,31,29.166874
-5.351,150,29.287735
-31.151,30,29.310319
-4.317,150,29.431672
2.717,58,29.483567
-7.234,150,29.60101
2.849,27,29.625262
1.936,39,29.658581
-10.032,150,29.800705
-23.415,150,29.914417
-6.198,150,30.038367
-7.228,150,30.156171
2.739,31,30.184782
-26.798,18,30.199969
2.131,38,30.228372
-23.523,150,30.344374
2.173,53,30.3859
-4.778,150,30.509611
1.684,45,30.545401
2.34,32,30.569719
-4.58,150,30.690021
2.476,28,30.716343
-5.324,150,30.836843
-21.92,150,30.966991
-12.334,54,31.013317
2.347,48,31.049988
-9.511,150,31.169306
2.598,23,31.188597
2.64,52,31.227839
-7.461,150,31.353979
-16.632,150,31.470013
-27.902,10,31.478014
2.845,29,31.501374
2.57,41,31.54266
-25.279,16,31.558666
2.508,35,31.585668
2.392,35,31.613673
-6.167,150,31.732668
2.331,28,31.75389
2.599,53,31.801365
2.54,19,31.816445
-20.242,150,31.933878
2.123,29,31.955885
-9.159,150,32.073555
-7.872,150,32.203403
-6.081,30,32.226558
-5.479,150,32.345255
2.385,35,32.373264
-5.474,150,32.499432
2.001,27,32.519435
2.695,32,32.545145
2.199,42,32.581426
-15.528,150,32.703883
-7.833,150,32.822689
2.765,3,32.826699
1.117,34,32.860368
-8.722,150,32.991964
2.341,28,33.012968
-12.399,150,33.129278
2.605,34,33.15661
2.292,23,33.175953
-4.951,150,33.306219
2.527,36,33.337344
-4.595,150,33.724292
-16.89,150,33.831808
1.967,29,33.853683
2.108,34,33.887697
-0.753,35,33.912702
-9.854,150,34.021033
-4.381,150,34.152508
-8.194,150,34.281243
-8.649,150,34.411787
-3.204,37,34.442183
-7.766,150,34.580077
1.801,30,34.612744
-8.386,150,34.768281
-4.461,150,34.902754
2.603,29,34.926929
2.736,27,34.951523
-33.843,22,34.967569
1.881,45,35.006675
0.058,34,35.032681
-6.264,150,35.151473
1.614,59,35.205086
2.149,21,35.221091
-25.861,9,35.228142
2.67,3,35.231142
2.532,28,35.254837
-11.69,56,35.311345
-9.727,150,35.442295
-7.115,150,35.571127
2.67,3,35.574128
2.327,54,35.621138
2.58,3,35.624137
-11.415,150,35.749313
1.945,41,35.782518
-25.863,32,35.813527
2.622,37,35.845788
1.474,57,35.893657
2.419,37,35.921662
-4.679,150,36.03322
-24.354,150,36.15202
-10.638,150,36.270181
-25.46,13,36.280608
-3.809,150,36.409924
-25.574,20,36.426028
-17.185,150,36.5452
-36.269,20,36.56157
-4.946,150,36.681852
2.374,23,36.707103
-8.456,150,36.829385
2.762,25,36.851064
-6.737,150,36.976661
2.052,35,37.003667
-4.432,150,37.125691
-7.046,150,37.251778
-3.172,150,37.376708
2.557,29,37.403047
-17.891,150,37.523292
-20.959,150,37.644315
-8.7,150,37.770336
-5.627,150,37.898776
0.746,25,37.91878
-7.025,150,38.036258
-6.762,150,38.16428
-6.434,150,38.290897
-7.181,150,38.424535
2.148,35,38.456541
-6.932,150,38.585028
2.092,35,38.616034
-6.918,150,38.737602
0.303,150,38.862016
-7.56,150,38.987206
-16.209,150,39.105255
2.73,49,39.143262
-4.812,150,39.268736
-4.813,150,39.386268
1.923,27,39.411725
-35.392,29,39.43673
2.74,3,39.439731
-8.095,150,39.568378
-7.553,150,39.690808
2.745,20,39.708809
2.765,3,39.710809
-3.655,150,39.831652
-9.644,150,39.95462
2.172,32,39.979624
2.056,33,40.004629
2.339,17,40.017789
-5.933,150,40.139401
-13.303,150,40.253865
2.547,18,40.267868
2.316,28,40.294873
2.513,47,40.336888
-3.88,150,40.454888
-33.447,23,40.471891
-15.49,150,40.589045
-15.244,150,40.711211
2.2,24,40.735457
-4.673,150,40.85135
2.695,31,40.875357
-5.658,150,40.999986
-17.38,150,41.1191
2.359,35,41.146104
-11.231,150,41.274289
-23.659,150,41.389308
-14.472,150,41.499335
-22.419,150,41.61457
-6.777,150,41.739455
0.646,59,41.790825
-11.456,150,41.907736
-4.124,150,42.031576
-11.858,150,42.150646
2.67,3,42.153647
1.984,30,42.176651
-4.993,150,42.299577
-0.69,36,42.329584
-8.691,150,42.44995
-25.953,38,42.478956
2.713,37,42.50696
-24.746,13,42.518168
-12.694,150,42.641189
-4.675,150,42.770699
2.63,50,42.812129
2.74,3,42.815129
-4.601,150,42.933898
-8.681,150,43.073677
-12.632,150,43.19117
-4.252,150,43.314249
2.002,56,43.362474
2.158,20,43.377574
-3.823,150,43.49827
3.137,70,43.562409
-4.458,150,43.683075
1.019,32,43.707595
-8.499,150,43.837695
1.778,47,43.879829
2.448,39,43.912834
-16.992,150,44.024445
-16.564,150,44.144505
-31.394,19,44.160505
-7.059,150,44.284622
-26.171,15,44.296624
2.589,17,44.308626
2.079,31,44.332632
2.143,27,44.352635
-6.793,150,44.479247
-15.504,150,44.598047
2.827,22,44.615323
-6.974,150,44.742884
2.446,31,44.767889
-27.029,11,44.776891
2.472,35,44.805291
-8.663,150,44.926619
2.404,18,44.940622
2.535,35,44.968627
-4.416,150,45.101693
1.021,34,45.127799
-9.05,150,45.245825
2.765,3,45.249825
-1.53,38,45.282089
-10.424,150,45.426173
2.482,15,45.441203
-4.475,150,45.579492
-97.225,150,45.705086
-6.74,150,45.849668
3.026,57,45.903667
2.398,47,45.945675
2.234,36,45.976479
-10.787,150,46.102637
2.637,44,46.142029
-0.5,61,46.189038
2.766,23,46.211042
-6.789,150,46.328061
-14.128,150,46.455167
1.076,48,46.493174
1.206,69,46.553468
-5.568,150,46.676487
1.924,25,46.696491
-6.85,150,46.82064
2.675,34,46.851804
-1.378,150,46.970165
2.666,21,46.990375
-6.809,150,47.11042
1.955,33,47.135424
-6.226,150,47.258707
1.856,57,47.308969
2.301,25,47.333156
-31.367,27,47.354782
-7.164,150,47.4734
2.497,36,47.500407
-6.985,150,47.625072
-5.376,150,47.748258
-4.917,150,47.873976
-16.39,150,47.989807
2.806,20,48.008811
2.132,49,48.053823
2.758,51,48.097831
2.757,27,48.124837
-18.504,150,48.239484
2.736,21,48.25749
-0.384,29,48.279494
2.721,34,48.311498
-3.811,150,48.432441
-26.636,24,48.450445
-4.62,150,48.57847
1.711,44,48.620919
-4.752,150,48.740596
-9.224,150,48.869594
-25.24,15,48.880596
-7.112,150,49.002623
-25.823,150,49.112253
2.153,42,49.157805
-13.827,150,49.287513
-9.805,150,49.408272
-24.95,150,49.517211
-3.854,150,49.640618
2.497,32,49.666632
-6.541,36,49.695054
2.629,23,49.714185
-23.856,150,49.839619
-6.824,150,49.966149
-14.605,150,50.092976
2.092,51,50.137993
2.595,23,50.156108
-1.893,39,50.185114
-11.84,150,50.842462
2.385,33,50.869033
-26.784,18,50.881616
-14.397,150,51.001594
-11.595,150,51.112188
2.621,24,51.130192
-3.464,43,51.16726
2.616,51,51.208492
2.412,36,51.234762
-7.428,150,51.355406
2.326,41,51.387412
1.819,36,51.415418
2.749,41,51.449423
-7.687,150,51.573009
-7.374,150,51.691272
2.32,23,51.709277
2.584,72,51.772289
2.377,30,51.795922
-14.492,150,51.918365
-4.481,150,52.092942
-4.233,150,52.246549
2.822,41,52.285778
-19.754,150,52.4244
-3.994,150,52.57772
2.047,43,52.628412
1.295,23,52.654419
1.941,30,52.683425
-7.993,44,52.722506
2.452,36,52.751512
-11.752,150,52.866534
2.407,29,52.890828
-6.844,150,53.023091
2.566,21,53.042702
-11.763,150,53.163725
-9.931,150,53.301855
1.997,28,53.329068
2.667,38,53.367075
2.705,26,53.399423
-9.16,150,53.523701
1.45,39,53.55383
2.293,29,53.578835
-9.054,150,53.700383
-6.286,150,53.824958
-12.619,150,53.94909
2.585,33,53.97849
-9.955,150,54.095863
2.666,26,54.116865
1.67,27,54.137102
-5.015,150,54.255382
2.737,20,54.276386
-9.676,150,54.394408
-4.451,150,54.515431
1.72,28,54.537435
2.273,45,54.574207
2.233,31,54.600718
1.448,31,54.627724
2.371,62,54.681735
1.978,29,54.707928
-6.103,150,54.827764
-8.534,150,54.959612
2.48,32,54.985759
-4.655,150,55.111149
-25.791,13,55.126152
-9.922,150,55.242807
-18.486,150,55.36183
-5.072,150,55.486317
-6.689,150,55.606558
-17.318,150,55.720582
2.517,22,55.742586
-8.84,150,55.863472
2.816,29,55.886476
-9.583,150,56.00912
-4.754,150,56.128643
2.661,30,56.15906
2.461,52,56.199067
-3.63,150,56.314352
2.729,35,56.342357
-8.349,150,56.46458
-23.559,16,56.476582
-6.941,150,56.604965
-4.643,150,56.735315
2.866,25,56.754516
2.455,35,56.786721
-13.091,150,56.908787
2.537,37,56.939793
2.393,78,57.006806
-5.361,150,57.129045
2.249,21,57.147048
2.482,32,57.173053
2.413,36,57.200058
-5.742,150,57.317071
2.057,33,57.349262
-5.06,150,57.478813
-6.44,150,57.594835
-12.425,150,57.716607
-25.483,20,57.73261
-9.199,150,57.851633
-14.438,150,57.966655
-5.461,150,58.085366
2.061,51,58.128617
-21.18,150,58.245048
-9.252,150,58.357069
2.676,17,58.374073
2.414,18,58.38832
-4.851,150,58.50693
2.501,35,58.533936
-18.29,150,58.654083
1.904,32,58.679432
2.067,42,58.712448
1.226,35,58.738453
-23.393,11,58.747455
2.883,35,58.77546
-30.416,28,58.801029
2.156,29,58.825118
-12.433,150,58.953749
2.222,34,58.980754
2.955,42,59.01376
-5.021,150,59.134783
2.74,3,59.137784
1.829,49,59.174791
-26.767,24,59.195792
-4.902,150,59.315986
-0.505,46,59.355893
-27.987,22,59.373895
-22.402,150,59.496254
2.682,17,59.513257
2.177,25,59.53226
-17.071,150,59.653754
-14.871,150,59.777276
-25.365,12,59.787278
-4.314,150,59.90575
-9.561,150,60.026773
-12.888,150,60.153025
-5.386,150,60.269166
-6.762,150,60.393887
2.772,33,60.418891
1.72,37,60.451218
2.278,35,60.478222
2.629,24,60.497889
2.891,21,60.520427
-12.915,150,60.633451
-10.949,150,60.752473
-4.493,150,60.867495
-4.919,150,60.990519
-7.054,150,61.112717
-8.031,150,61.23074
-0.867,38,61.266176
-4.326,150,61.415066
-18.661,150,61.530703
-16.467,150,61.663964
1.443,44,61.701971
2.38,52,61.753982
2.57,21,61.772988
-24.184,14,61.78407
-6.086,150,61.925914
2.614,25,61.944917
-17.256,150,62.085133
2.733,62,62.140331
2.895,51,62.183631
2.468,26,62.205732
2.67,3,62.208734
2.617,46,62.244738
-8.037,150,62.363775
-6.809,150,62.486799
-7.38,150,62.622663
-26.395,16,62.639112
2.583,28,62.665246
1.905,42,62.702792
-5.537,150,62.827656
2.802,31,62.85166
-18.782,150,62.973174
-9.16,150,63.09391
-10.475,150,63.209094
-27.484,33,63.235099
-0.526,30,63.258103
2.002,33,63.285108
-25.154,11,63.29411
-3.12,150,63.431768
-10.292,150,63.551943
-5.596,150,63.683421
1.822,39,63.715776
2.861,30,63.73878
2.091,24,63.760914
-31.588,17,63.776241
-13.934,150,63.894539
2.775,50,63.939693
1.953,24,63.962697
-8.78,150,64.077946
1.942,40,64.108952
-5.568,150,64.233471
2.78,3,64.236472
2.77,30,64.266478
-3.374,42,64.306993
1.863,36,64.337998
-3.378,31,64.363004
-28.125,18,64.376007
-30.791,31,64.403012
2.481,24,64.421015
2.438,49,64.459021
-14.908,150,64.569207
-7.783,150,64.707706
-5.252,150,64.833683
-3.881,150,64.959812
2.657,38,64.992815
-9.288,150,65.118322
-7.26,150,65.245769
1.493,31,65.269774
2.513,33,65.295779
2.722,25,65.314782
2.637,32,65.340253
-14.461,150,65.459992
-10.691,150,65.572287
-3.838,150,65.709743
-7.559,150,65.852611
-3.991,150,66.017349
2.238,33,66.055234
1.876,81,66.129447
-8.851,150,66.25571
-1.286,23,66.274714
1.972,24,66.292717
2.432,34,66.324106
-29.434,16,66.340111
2.054,26,66.360115
-27.67,14,66.375118
-9.353,150,66.499204
2.115,67,66.554118
-25.622,23,66.572121
2.416,28,66.597122
-5.45,22,66.614125
-26.45,35,66.641131
-12.122,150,66.757868
2.365,56,66.805014
2.227,53,66.851802
-11.036,150,66.96908
-21.651,150,67.093305
-8.753,150,67.221936
-10.633,150,67.336413
-15.019,150,67.455153
-4.662,150,67.815415
2.787,19,67.830418
-13.078,150,67.948631
-24.586,150,68.061657
2.172,32,68.086657
2.764,47,68.122235
-6.265,150,68.240204
2.822,20,68.262208
1.982,30,68.288213
2.373,22,68.305215
-7.648,150,68.439325
2.621,42,68.473332
-3.335,150,68.590355
-3.79,150,68.717711
-5.02,150,68.843525
-20.844,150,68.960927
-14.213,150,69.078848
-26.449,26,69.106849
2.295,37,69.14086
-3.866,150,69.255879
2.88,35,69.284248
1.263,53,69.330247
2.79,43,69.370406
-4.172,150,69.493633
2.468,34,69.520829
-4.296,150,69.644411
-6.953,150,69.7791
-4.805,150,69.899895
-6.644,150,70.021932
2.052,27,70.042937
-12.035,150,70.161036
2.298,22,70.179197
2.363,27,70.203204
-4.614,150,70.3283
-4.205,150,70.449597
-11.155,150,70.571306
-3.824,150,70.694326
1.573,36,70.728749
2.831,25,70.748751
2.679,39,70.783844
-4.617,150,70.910049
-12.452,37,70.940293
2.598,30,70.964297
-7.451,150,71.093497
2.301,25,71.132101
0.17,150,71.285693
2.765,35,71.32118
-6.152,150,71.453981
2.648,30,71.480986
-7.811,150,71.602669
-5.656,150,71.738205
-11.63,150,71.854227
-6.695,150,71.974646
2.179,29,71.99665
1.974,34,72.022654
2.744,21,72.038657
2.343,38,72.068663
-7.061,150,72.197181
-7.126,150,72.313651
-12.143,150,72.430398
-12.984,150,72.557129
2.39,20,72.575133
2.67,3,72.578133
-9.046,150,72.720707
-13.236,150,72.866669
2.931,35,72.898939
2.465,50,72.948438
2.236,38,72.984188
-8.93,150,73.108013
-11.211,150,73.228441
-20.354,150,73.352551
1.816,35,73.383858
2.537,33,73.409863
-6.887,150,73.533583
-7.69,150,73.647317
2.608,49,73.696881
-3.151,150,73.829532
-6.928,150,73.949139
2.664,25,73.97047
0.042,33,73.995475
-6.792,42,74.027481
2.614,33,74.054619
1.44,34,74.085624
2.184,40,74.11563
-29.491,28,74.13685
-6.436,150,74.256131
-8.372,150,74.383388
-19.449,150,74.498721
2.03,24,74.519725
-0.533,31,74.54773
2.623,35,74.574736
0.567,53,74.614743
-8.955,150,74.73603
-9.723,150,74.85233
-7.64,150,74.979095
3.423,98,75.054832
-18.242,150,75.175581
1.621,34,75.201584
2.538,22,75.217587
-24.442,8,75.223794
-6.131,150,75.353958
-15.523,150,75.474576
2.3,28,75.49558
2.238,27,75.516584
1.302,30,75.544589
-7.42,150,75.661885
-12.574,150,75.789577
-23.192,150,75.912476
-16.134,150,76.030959
2.736,27,76.052526
2.07,39,76.08154
2.563,30,76.104544
3.038,45,76.13968
-29.296,15,76.155683
-19.728,150,76.272388
2.284,43,76.309395
-9.379,150,76.431662
0.18,24,76.453664
3.058,58,76.504986
2.092,29,76.52718
-10.465,150,76.643202
2.485,37,76.673207
-12.744,150,76.792455
2.029,35,76.81946
2.553,36,76.848466
2.208,20,76.863468
-2.704,22,76.881472
1.651,41,76.912478
-11.807,150,77.037503
2.605,24,77.057506
-7.279,150,77.176528
-4.424,150,77.297548
-11.847,150,77.421296
2.451,20,77.437307
2.51,24,77.459314
2.716,25,77.482319
-7.145,150,77.606739
-4.661,150,77.727327
-6.47,150,77.848543
-25.771,13,77.859545
-3.83,150,77.973045
2.67,3,77.976046
1.1,42,78.01205
2.263,29,78.040055
-8.045,150,78.153076
-4.688,150,78.274374
2.736,23,78.29238
2.028,54,78.339388
-4.414,150,78.462588
-10.613,150,78.577074
-15.59,150,78.696525
-8.153,150,78.814619
-10.668,150,78.938812
-18.266,150,79.063836
-36.238,66,79.116104
-6.699,150,79.240131
-10.419,150,79.372367
-4.593,150,79.507706
1.773,34,79.544224
2.34,41,79.593415
-14.528,150,79.73285
-6.735,150,79.869542
0.931,56,79.91355
-4.405,150,80.029573
-3.93,150,80.142594
2.719,28,80.1696
-10.712,75,80.231828
2.272,41,80.276401
-4.28,150,80.4127
2.11,25,80.433045
-14.386,150,80.553693
-10.816,150,80.670715
2.317,23,80.689718
-4.469,150,80.814742
-12.888,150,80.939099
-7.385,150,81.06056
-10.622,150,81.182432
2.513,17,81.196437
2.201,24,81.214441
-4.716,150,81.333864
2.154,44,81.371872
2.114,25,81.392874
-12.141,150,81.516875
-7.178,150,81.645417
-15.49,150,81.761439
2.373,41,81.796446
-25.62,16,81.811761
2.322,34,81.839156
-7.479,150,81.961422
2.639,42,81.994429
-7.175,150,82.118725
1.987,20,82.133729
-7.345,150,82.250752
-32.917,17,82.268755
1.37,39,82.298872
2.234,51,82.341241
1.892,28,82.366246
-5.293,150,82.489136
-21.829,150,82.599444
0.125,61,82.649454
2.658,34,82.684461
-14.785,150,82.798651
-5.297,150,82.921114
2.513,46,82.957291
-4.907,150,83.082581
2.37,22,83.104863
2.006,51,83.143874
2.376,70,83.205519
3.107,42,83.239526
-12.821,150,83.364652
2.655,18,83.378655
1.934,27,83.40066
-14.132,150,83.521682
2.427,25,83.540686
-33.685,17,83.553689
2.621,39,83.584152
-5.31,150,83.708563
2.406,27,83.737149
-6.643,150,83.86841
-5.153,150,83.985065
2.532,32,84.012501
-13.367,150,84.12999
2.279,25,84.153995
-7.274,150,84.275882
2.44,22,84.571476
2.36,26,84.590917
2.709,54,84.636866
2.358,30,84.66124
-5.505,150,84.785134
-24.445,16,84.797137
-22.74,150,84.908894
2.918,39,84.940898
-4.717,150,85.066727
-4.578,150,85.18037
-8.127,150,85.313392
-6.931,150,85.446285
-13.357,150,85.560309
-30.792,16,85.576313
-10.339,150,85.73253
-6.587,150,85.875753
2.622,19,85.890938
2.773,30,85.917417
2.777,30,85.93924
-12.499,150,86.060292
-16.607,150,86.194256
2.74,3,86.198256
-7.324,150,86.333948
-6.496,150,86.458564
1.974,30,86.48857
2.217,26,86.513988
1.665,64,86.569002
-2.627,150,86.694515
2.63,38,86.725919
-16.25,150,86.847067
-24.567,14,86.857069
-3.767,150,86.978549
2.461,34,87.008554
2.897,25,87.030739
2.843,50,87.075747
2.681,30,87.101753
-5.981,150,87.230259
-18.635,150,87.343069
-8.517,150,87.475819
-4.48,150,87.592283
2.761,31,87.616287
1.856,30,87.643292
-24.464,28,87.664623
-29.632,16,87.682857
-5.815,150,87.80943
-5.221,150,87.92944
-0.905,22,87.950999
-9.482,150,88.077515
2.236,40,88.114522
1.89,24,88.13469
-4.988,150,88.246426
-3.414,150,88.374662
-4.926,150,88.51169
-4.036,150,88.646433
-4.829,150,88.786861
-4.493,150,88.908414
-30.735,18,88.922693
1.198,46,88.962288
-5.312,150,89.118901
1.952,31,89.143903
-4.268,150,89.272227
-8.569,150,89.3964
2.739,35,89.424405
2.122,29,89.453706
-12.978,150,89.585533
2.535,39,89.626049
2.097,33,89.655499
-6.007,150,89.782822
2.539,27,89.803823
-7.205,150,89.92643
-19.067,150,90.049429
-7.245,150,90.166889
-4.834,150,90.287005
-3.813,150,90.415057
2.031,40,90.450063
-22.249,150,90.573717
-7.123,150,90.698452
2.413,39,90.733458
2.304,29,90.758463
-3.835,150,90.888756
-0.347,33,90.926223
2.74,3,90.929355
-13.148,150,91.067135
2.839,49,91.107508
0.968,37,91.141758
2.701,33,91.169776
0.005,39,91.206779
1.868,22,91.224783
2.74,3,91.226784
1.394,29,91.248787
2.244,23,91.266791
2.676,46,91.302944
-7.554,150,91.440986
-4.07,150,91.562086
-4.666,150,91.681108
-22.815,150,91.796164
2.774,25,91.815168
2.709,24,91.839483
-6.919,150,91.96106
2.726,29,91.984064
2.85,57,92.03508
-4.301,38,92.069466
2.387,53,92.109611
2.58,3,92.111611
-16.41,150,92.222866
-4.533,150,92.350304
2.695,3,92.353304
2.737,21,92.369306
-7.183,150,92.48802
2.955,52,92.528028
2.369,22,92.54603
2.658,40,92.577035
2.297,37,92.608045
-16.047,150,92.726257
2.24,21,92.746259
1.825,48,92.795371
-3.667,150,92.916411
-6.704,150,93.040166
-1.666,55,93.090176
1.817,25,93.112799
1.333,37,93.141804
-9.986,150,93.262944
2.126,22,93.279949
-9.033,150,93.406157
-16.147,150,93.534769
2.116,24,93.556267
1.886,19,93.572645
2.301,29,93.599467
-8.543,39,93.636796
-30.296,23,93.655742
-11.835,150,93.79056
2.458,22,93.814104
2.781,42,93.857924
-5.609,150,93.996337
2.341,36,94.031356
3.157,50,94.078508
-13.881,150,94.215832
-11.377,150,94.353442
2.755,3,94.356441
-18.663,150,94.485784
1.556,43,94.519791
-0.518,36,94.546796
2.65,3,94.549796
2.67,3,94.551797
-19.425,150,94.674842
2.543,20,94.691843
-7.931,150,94.824114
-11.863,150,94.946349
-11.292,150,95.064548
-8.389,150,95.185395
-4.347,150,95.30486
-3.571,150,95.432599
1.004,26,95.452602
-6.011,150,95.580013
2.008,31,95.604259
2.816,18,95.618276
-15.65,150,95.740585
-8.524,150,95.855524
1.47,36,95.883529
-4.366,150,96.002553
2.613,33,96.03156
-13.614,150,96.159439
2.363,17,96.172441
2.54,25,96.196572
2.609,22,96.217579
-33.808,16,96.229581
-7.851,150,96.354838
2.527,25,96.374841
-4.716,150,96.492984
-4.522,150,96.624992
-7.089,150,96.757021
2.846,27,96.78221
-28.151,10,96.789212
0.253,26,96.810222
2.06,30,96.835224
2.074,21,96.852343
-10.154,150,96.971363
-12.569,150,97.103331
-4.077,150,97.236549
-7.526,150,97.364572
-11.126,150,97.486566
-0.28,27,97.50857
-16.761,150,97.630347
-25.865,13,97.640349
1.611,49,97.685498
2.806,36,97.714851
2.697,39,97.745855
-4.112,150,97.871088
-8.388,150,97.991677
2.806,25,98.012676
-6.521,150,98.140954
-8.889,150,98.258296
-6.987,150,98.380319
-7.914,150,98.507774
2.124,32,98.532777
-7.056,150,98.643011
-8.428,150,98.767191
2.036,25,98.786787
2.405,32,98.810789
-3.93,150,98.934093
2.851,27,98.955097
-7.744,150,99.069119
2.185,28,99.099125
2.629,35,99.132579
-9.017,150,99.266077
-31.271,30,99.288081
-10.42,150,99.405958
2.679,40,99.441958
-14.745,150,99.578164
3.004,53,99.631777
2.065,43,99.671932
-4.312,150,99.815974
-6.203,150,99.965083
2.646,22,99.982769
-7.401,150,100.115372
-25.069,14,100.126374
2.67,3,100.129375
2.294,28,100.151379
-8.642,150,100.271402
1.983,55,100.320225
-5.502,150,100.449472
2.335,36,100.476476
-4.91,150,100.595672
-6.926,150,100.719736
2.467,24,100.738736
-3.833,150,100.866533
-9.516,150,100.989711
1.986,35,101.02009
-6.867,150,101.140344
2.664,65,101.194637
2.565,50,101.232919
2.095,36,101.263054
2.543,24,101.28106
1.963,38,101.315065
2.266,29,101.339069
-18.389,150,101.733264
-12.055,150,101.856655
-7.013,150,101.990331
2.659,49,102.027575
-28.601,150,102.136905
2.426,19,102.151907
-8.872,150,102.285038
-5.002,44,102.324246
2.114,41,102.355382
-7.666,150,102.475406
2.663,44,102.509468
2.446,17,102.524197
1.341,23,102.548397
-10.25,150,102.678048
-8.446,150,102.811585
2.278,36,102.844927
2.765,3,102.847926
0.038,51,102.90006
2.063,30,102.928725
-14.978,150,103.069413
-7.592,150,103.197397
2.686,47,103.240038
2.624,21,103.259206
2.481,26,103.27921
1.938,29,103.300215
2.393,29,103.327305
-9.453,150,103.46108
2.607,29,103.487083
2.332,21,103.506088
2.067,39,103.541485
-11.379,150,103.658412
1.812,32,103.697791
0.023,56,103.747634
-1.244,33,103.779639
2.538,30,103.808645
2.228,23,103.827941
-6.117,42,103.862017
-4.507,150,103.983997
-13.499,150,104.096646
-6.772,150,104.223409
2.59,27,104.244524
-37.711,86,104.308539
-28.867,19,104.325542
-0.849,48,104.369799
2.67,3,104.3728
1.875,41,104.413868
2.59,33,104.445156
2.67,3,104.448156
-6.347,150,104.567149
2.269,28,104.589268
-34.499,37,104.620745
2.617,53,104.664106
-6.908,150,104.778713
-7.976,150,104.900232
1.729,71,104.954336
1.77,60,105.001129
-13.049,150,105.123911
-7.413,150,105.244857
2.449,22,105.263336
2.574,22,105.280477
2.186,30,105.303504
-6.755,150,105.437887
-6.936,150,105.556866
2.524,27,105.582134
-11.372,150,105.706864
1.948,32,105.730868
2.693,24,105.749871
2.913,67,105.808881
-14.815,150,105.933015
-11.303,150,106.061977
-14.082,150,106.186954
-0.129,49,106.225959
2.514,24,106.245965
-37.588,23,106.26697
2.764,22,106.287464
-18.033,150,106.420546
-9.961,150,106.573625
1.799,69,106.646887
2.421,37,106.67889
2.962,65,106.737418
1.779,60,106.787427
2.767,30,106.80943
2.548,27,106.828434
-12.81,150,106.945942
-7.469,150,107.076963
1.578,47,107.120436
-5.149,150,107.257498
-26.972,21,107.274501
2.551,34,107.305507
-7.753,35,107.337513
2.633,35,107.371668
-4.094,150,107.504909
2.794,23,107.523393
-7.215,150,107.644507
2.348,43,107.681516
-5.874,150,107.803495
-7.793,150,107.927215
-9.283,150,108.043268
-6.701,150,108.168143
-7.156,150,108.293296
-6.605,150,108.415404
2.502,28,108.437628
-7.811,150,108.561278
2.472,31,108.588406
-16.707,150,108.709429
-4.987,150,108.828741
-7.42,150,108.959439
2.722,34,108.985848
1.388,29,109.009184
1.75,24,109.027704
-6.072,150,109.146337
-8.104,150,109.260067
2.637,25,109.280071
-8.924,150,109.419498
-8.829,150,109.546305
-5.499,150,109.699138
2.685,3,109.70314
-8.173,150,109.867778
1.695,41,109.9057
-3.713,150,110.025026
-23.482,150,110.150326
-4.18,150,110.274877
-23.211,10,110.282878
-17.848,150,110.395667
-7.804,150,110.521382
-9.812,150,110.638617
2.36,21,110.660999
-4.384,150,110.787447
2.335,42,110.821456
-28.925,9,110.830458
2.089,31,110.860463
2.753,29,110.886468
2.586,26,110.906632
-12.448,150,111.023484
-6.881,150,111.148838
-3.74,150,111.268246
2.74,3,111.27148
-4.036,150,111.392694
2.74,3,111.395695
2.223,70,111.450706
2.441,37,111.481124
1.678,39,111.517776
2.507,44,111.554615
-4.679,150,111.682874
-7.209,150,111.802488
1.8,33,111.83253
2.143,44,111.867147
2.241,20,111.883159
0.072,25,111.904401
2.259,29,111.927405
2.604,35,111.962411
1.524,35,111.99042
2.994,64,112.045794
2.686,36,112.072799
-6.609,150,112.194301
-28.548,31,112.223315
-8.511,150,112.343608
-11.927,150,112.459942
2.6,37,112.488946
-10.117,150,112.604584
-24.208,11,112.612586
2.61,34,112.639591
-4.283,150,112.763693
2.49,29,112.787698
2.056,28,112.815703
-8.616,150,112.933009
-3.756,150,113.056664
2.659,31,113.080668
2.353,28,113.102672
2.301,25,113.123673
-4.46,150,113.245597
3.098,48,113.285254
-7.081,150,113.408373
-4.373,150,113.527395
-8.622,150,113.658955
-10.056,150,113.779514
2.127,30,113.805518
-4.834,150,113.922632
2.288,28,113.943644
-4.503,150,114.065658
-3.277,150,114.189211
2.724,46,114.229409
-14.864,150,114.343377
-6.975,150,114.469348
-6.488,150,114.59741
-7.759,150,114.722688
2.538,27,114.743696
1.757,27,114.764416
1.309,49,114.801423
-14.694,150,114.917376
2.741,19,114.93269
2.794,28,114.954694
-5.228,150,115.082599
-3.887,150,115.207251
-4.296,150,115.337492
-10.136,150,115.465698
2.707,34,115.496938
1.556,37,115.526448
-3.342,32,115.558475
-9.46,150,115.690416
-6.542,150,115.833567
0.586,59,115.880096
2.442,26,115.899099
-3.588,39,115.929546
-33.85,38,115.962236
-6.406,150,116.114278
2.128,31,116.141973
1.632,66,116.196801
2.457,25,116.216804
2.192,26,116.240808
-25.158,25,116.259815
2.474,20,116.274816
-10.995,150,116.400667
2.141,22,116.418672
2.618,36,116.455271
-6.019,150,116.602571
2.346,28,116.623811
2.761,42,116.660825
-6.186,150,116.777863
-8.164,150,116.897957
-25.903,33,116.925395
-4.299,150,117.044003
-14.309,150,117.157005
2.445,20,117.173008
-6.953,150,117.302976
-3.401,150,117.415618
-4.544,150,117.534939
-10.035,150,117.654953
-3.8,27,117.675965
-9.814,150,117.791987
2.072,33,117.816992
-16.511,150,117.936627
2.728,35,117.970208
2.285,37,118.003588
2.057,42,118.035798
2.542,34,118.061971
-21.501,150,118.189291
2.454,31,118.217387
-11.459,150,118.337569
2.36,43,118.37492
-14.69,150,118.759745
-18.444,150,118.872734
2.874,26,118.891738
2.531,30,118.920744
2.731,23,118.937747
-11.212,49,118.979985
2.376,28,119.000989
0.983,77,119.068675
-20.671,150,119.185047
2.309,15,119.19805
-4.843,150,119.318195
2.377,41,119.350746
-5.301,150,119.474723
-3.856,150,119.603224
2.064,35,119.634218
-5.662,150,119.752706
2.335,29,119.776329
-7.241,150,119.931038
2.695,31,119.959867
2.394,32,119.989885
-7.597,150,120.111762
-6.627,150,120.236882
-6.547,150,120.371435
2.254,34,120.399733
-9.015,150,120.520125
2.732,23,120.540149
-11.569,150,120.654565
-4.108,150,120.785476
-7.075,150,120.907574
-7.48,150,121.020733
-7.614,150,121.146149
1.863,60,121.199416
-5.294,150,121.325402
2.849,19,121.343567
-8.425,150,121.463951
2.834,17,121.477953
2.821,53,121.525209
-17.961,150,121.638158
-5.139,150,121.76756
2.675,25,121.789564
2.206,25,121.813384
-24.121,12,121.822386
2.728,28,121.844474
-14.671,150,121.969958
-9.643,150,122.079253
-9.666,40,122.11026
-7.17,150,122.230283
2.593,53,122.27599
-4.635,150,122.397013
2.281,93,122.46909
-26.883,19,122.484092
2.312,21,122.499095
2.735,39,122.529101
1.92,48,122.570501
-4.358,150,122.687732
-12.455,150,122.8021
-23.999,13,122.812102
-14.885,150,122.924123
-25.695,36,122.96113
-15.752,42,122.993136
-18.045,150,123.113172
-4.036,32,123.139177
2.35,29,123.166464
-18.297,150,123.273876
2.244,50,123.315347
2.183,29,123.339496
2.2,37,123.379504
-4.081,150,123.499794
-8.968,150,123.616948
1.605,41,123.649482
2.483,22,123.666497
-6.634,150,123.794512
2.562,63,123.850521
2.563,26,123.871523
2.162,39,123.901684
-26.997,10,123.908685
-0.859,24,123.928435
-4.991,150,124.052208
-6.613,150,124.166643
-5.093,36,124.19965
2.873,21,124.215653
2.396,27,124.235656
-7.905,150,124.35176
2.301,35,124.378792
-8.328,150,124.507573
1.867,44,124.5438
-9.964,150,124.663242
2.738,25,124.683347
-30.392,38,124.711352
2.124,26,124.731355
-7.965,150,124.858757
-4.284,150,124.985823
1.33,60,125.039165
-5.613,150,125.163384
-8.061,150,125.283018
-0.485,51,125.322448
-9.683,150,125.450273
-8.314,150,125.573872
-5.366,28,125.598876
-4.588,150,125.716233
-5.011,150,125.836389
2.795,21,125.855031
-5.243,150,125.985173
1.923,23,126.011294
-15.092,150,126.145606
2.449,25,126.170199
-2.387,30,126.199924
-5.225,150,126.334948
2.205,50,126.383957
-6.872,150,126.532196
-13.003,150,126.679491
-9.428,150,126.821638
2.285,25,126.858802
-15.282,150,127.003169
-2.874,150,127.167527
-6.91,150,127.282548
1.707,54,127.329178
3.082,55,127.374185
2.124,32,127.39919
1.628,23,127.418194
2.642,42,127.4532
2.809,49,127.493208
2.109,30,127.521214
2.86,36,127.55622
-5.105,150,127.679216
-5.027,150,127.805469
2.67,3,127.808469
1.767,27,127.834474
1.237,51,127.879576
-26.782,15,127.893215
-9.236,150,128.025042
2.943,34,128.053047
-6.423,150,128.182147
-12.349,150,128.30036
-5.052,150,128.428972
1.408,38,128.460112
-27.246,11,128.468113
2.376,22,128.485117
0.997,62,128.533125
-4.622,150,128.658533
-6.207,150,128.773564
-11.315,150,128.891301
-7.983,150,129.004933
2.262,31,129.032938
-3.849,150,129.15632
2.224,31,129.184324
-4.401,150,129.318714
2.566,27,129.34407
1.985,47,129.383076
-12.033,150,129.503249
-17.562,150,129.615599
-10.326,150,129.750832
-7.179,150,129.870894
1.885,69,129.926303
-14.725,150,130.04043
1.043,81,130.115297
1.932,29,130.138445
2.569,26,130.158449
2.562,28,130.181453
2.772,20,130.19977
-23.095,14,130.211329
-26.334,13,130.222331
1.825,43,130.262343
-18.542,150,130.383363
-7.287,150,130.51126
-9.157,150,130.626579
2.448,26,130.647595
-4.762,150,130.767538
2.507,31,130.791543
2.697,32,130.81555
-4.331,150,130.939847
2.568,22,130.957871
-19.417,150,131.07942
1.554,28,131.106427
-4.636,150,131.244338
-4.315,150,131.391099
2.703,46,131.428105
-16.481,150,131.549842
-6.618,150,131.671493
-8.093,150,131.811123
1.368,49,131.848261
-28.454,21,131.86459
2.174,32,131.889298
-12.821,150,132.012558
-8.066,150,132.134938
-8.712,32,132.159943
-4.505,44,132.194321
2.547,25,132.21334
-7.156,150,132.336078
2.071,25,132.360083
2.51,31,132.384088
-5.769,150,132.516161
-15.085,150,132.631733
-5.411,150,132.751755
2.413,32,132.77576
2.175,33,132.800764
-4.679,150,132.919477
-7.489,150,133.033513
-18.173,150,133.171395
-4.589,150,133.29652
-11.614,150,133.435538
1.918,46,133.473694
2.544,18,133.488074
1.715,44,133.53482
2.247,32,133.569879
2.49,50,133.632226
2.466,43,133.679938
-2.573,37,133.712388
2.717,22,133.729076
-17.8,150,133.842874
-4.03,150,133.975103
1.856,40,134.006639
-14.958,150,134.122948
2.454,49,134.161666
2.551,46,134.206675
-4.231,150,134.339058
-9.814,150,134.46096
1.41,26,134.482964
-20.025,150,134.605423
-6.961,150,134.725446
2.566,35,134.752451
2.395,26,134.77265
-4.55,150,134.891036
-11.214,150,135.009073
2.519,24,135.029378
-23.594,13,135.04238
2.17,20,135.061621
2.431,26,135.081625
1.953,41,135.112988
-5.763,150,135.237403
-3.019,150,135.356427
-4.573,26,135.378235
-13.455,150,136.080293
2.092,37,136.10979
2.338,28,136.132871
2.058,54,136.176105
-7.0,150,136.294233
-30.023,33,136.318238
2.568,50,136.356918
-9.145,150,136.468089
-7.53,150,136.576865
1.603,39,136.618159
-12.853,150,136.750303
-5.644,150,136.867983
1.121,43,136.902272
1.074,35,136.934274
-25.93,9,136.941276
-6.708,150,137.067245
2.766,25,137.086454
-29.729,38,137.128688
2.065,27,137.154913
-17.898,150,137.2945
-21.709,150,137.414644
2.861,32,137.445846
2.681,38,137.481854
-4.861,150,137.605577
2.364,18,137.626582
2.184,58,137.680923
2.566,24,137.698927
-5.993,150,137.81826
2.443,39,137.848266
-23.241,8,137.855269
1.63,23,137.874273
-5.154,150,138.008226
2.292,29,138.033483
2.491,63,138.085224
-4.504,150,138.20474
2.704,30,138.227743
1.005,47,138.267751
-24.324,10,138.274753
-4.65,150,138.400356
2.656,25,138.420573
1.68,52,138.461035
-0.527,43,138.496042
-4.007,150,138.61884
1.988,22,138.635842
-9.921,150,138.751226
0.556,37,138.784464
2.745,54,138.825932
2.686,24,138.845089
2.76,22,138.862092
2.374,30,138.885175
2.831,46,138.925505
2.475,48,138.963513
-6.632,150,139.083463
2.312,25,139.104151
2.365,34,139.133146
2.51,20,139.148149
1.997,35,139.180317
-4.677,150,139.304341
1.519,40,139.336348
1.704,55,139.381596
-30.135,19,139.400719
1.315,58,139.44783
2.546,26,139.471267
2.416,36,139.506155
-3.657,150,139.634633
2.789,28,139.656758
-13.006,150,139.770694
1.943,47,139.808084
2.043,36,139.841089
2.466,32,139.865093
2.324,35,139.892099
-5.26,150,140.016433
2.108,21,140.039438
2.49,24,140.058441
-7.1,150,140.178035
2.16,22,140.195039
-3.794,150,140.317116
-25.088,18,140.331138
2.553,29,140.360016
-14.066,150,140.484977
-19.141,150,140.593285
-4.482,150,140.726435
-6.651,150,140.841852
-7.952,150,140.963876
2.747,41,140.994882
2.614,29,141.020886
-13.832,150,141.142455
-14.74,150,141.2526
-23.889,21,141.275121
2.535,38,141.308127
2.279,24,141.329131
-30.31,17,141.345135
-27.607,16,141.358597
-4.781,150,141.481231
2.699,35,141.507236
-24.523,15,141.519238
-25.016,9,141.525239
1.814,30,141.549244
-7.855,150,141.672425
2.803,37,141.704715
2.147,41,141.73772
-7.721,150,141.850953
-6.882,150,141.974519
2.583,24,141.995529
-11.277,150,142.12073
2.452,29,142.143735
2.494,38,142.17274
2.544,25,142.192744
-18.765,150,142.32077
2.437,23,142.346069
-6.488,150,142.48222
2.196,40,142.519494
-10.858,150,142.646852
2.11,26,142.670987
2.477,47,142.70874
-5.203,150,142.85795
2.603,26,142.886564
-6.722,150,143.021499
-8.082,150,143.145677
2.625,71,143.205685
-4.375,150,143.329883
-4.603,150,143.464449
-7.388,150,143.596077
-7.646,150,143.733326
-7.355,150,143.846481
-14.604,150,143.97466
-12.226,150,144.089736
-6.898,150,144.21547
-7.513,150,144.334741
2.444,27,144.357746
2.697,27,144.385124
2.603,37,144.421821
3.136,53,144.46493
2.796,23,144.485399
1.825,31,144.509423
2.581,28,144.535427
-6.52,150,144.652736
2.67,3,144.655737
-7.229,150,144.776796
2.108,17,144.789804
1.586,43,144.822829
-8.095,150,144.945047
-4.584,150,145.056793
-11.4,150,145.174518
-3.995,150,145.292487
-6.528,150,145.421043
2.05,28,145.442047
2.765,43,145.475053
-25.029,13,145.485054
2.256,67,145.53859
2.814,31,145.566595
2.516,27,145.589308
-17.48,150,145.713655
-18.797,150,145.830251
2.166,41,145.861436
2.401,31,145.88546
-5.887,150,146.021645
-7.021,150,146.146669
1.597,24,146.165673
-8.835,150,146.283695
-16.978,150,146.403718
-6.337,150,146.527739
2.5,42,146.561766
1.71,35,146.588771
-14.43,150,146.710797
2.516,26,146.730801
-6.93,150,146.856118
-4.767,150,146.970336
-7.48,150,147.094782
-6.325,150,147.217961
2.259,37,147.246511
2.786,31,147.269516
-27.136,17,147.283111
-9.416,150,147.398643
2.542,34,147.434521
1.746,29,147.458525
2.148,26,147.478528
2.6,30,147.502535
2.686,23,147.522618
-3.874,150,147.645582
-11.301,150,147.764785
-14.253,150,147.880187
-5.033,150,147.993913
-28.099,14,148.004915
2.504,21,148.021919
2.666,17,148.039921
-11.812,150,148.153124
-6.249,150,148.274147
2.095,22,148.29215
-26.927,14,148.302493
0.447,30,148.328732
-3.444,150,148.452851
-4.561,150,148.568265
2.38,33,148.596273
-6.959,150,148.716242
2.589,34,148.742247
-4.357,150,148.859504
-6.808,150,148.980854
-4.949,150,149.107885
-11.153,150,149.226126
-4.253,150,149.349894
1.943,41,149.383899
2.337,37,149.413156
2.851,37,149.444162
2.658,24,149.464164
2.652,24,149.486236
2.466,16,149.498239
-5.611,150,149.616507
-4.822,150,149.746132
2.845,35,149.775386
-18.213,150,149.893618
-0.391,28,149.915622
-7.819,150,150.038734
2.168,24,150.057739
2.077,51,150.097746
-1.699,23,150.120749
2.376,37,150.148834
-4.783,150,150.259931
-27.347,14,150.270933
2.295,33,150.298957
-17.184,150,150.418031
2.723,41,150.450172
1.81,27,150.471183
2.282,22,150.490191
-24.427,29,150.519193
2.349,25,150.541197
-7.244,150,150.652497
-4.049,150,150.778994
-3.88,150,150.893698
2.905,34,150.925942
2.322,30,150.948947
-13.019,150,151.058968
2.63,18,151.07306
-8.712,150,151.200066
2.073,24,151.218073
-4.401,150,151.336444
2.227,33,151.361448
-9.029,35,151.389668
-7.304,150,151.503723
2.568,39,151.54073
-9.24,150,151.651067
-26.976,10,151.659068
-4.298,150,151.793834
-4.869,150,151.915567
-8.897,150,152.045349
2.813,41,152.080575
-25.581,15,152.091579
2.273,49,152.130292
-26.553,15,152.142295
1.768,42,152.178301
-0.42,44,152.211308
1.233,45,152.245313
1.563,51,152.288631
-5.115,150,152.687232
2.989,39,152.716235
-8.965,150,152.828855
2.593,35,152.859861
2.481,25,152.878864
-6.406,150,152.988268
-13.107,150,153.100648
2.666,24,153.121652
1.851,44,153.156915
2.574,39,153.187928
2.385,26,153.209061
2.824,25,153.232328
1.867,41,153.268337
-4.161,150,153.384519
2.723,32,153.413872
2.515,47,153.461141
-16.135,150,153.587855
-10.383,150,153.719328
2.36,27,153.741035
1.665,35,153.778506
2.679,17,153.801014
2.567,30,153.833971
1.586,31,153.867654
2.946,38,153.900318
1.32,36,153.934208
-10.6,150,154.090639
2.406,37,154.127194
1.729,32,154.153426
2.464,27,154.178915
-5.63,150,154.303876
-7.859,150,154.446273
2.338,20,154.463278
2.042,39,154.494333
-2.215,44,154.528553
2.415,41,154.559771
3.027,30,154.582923
2.783,18,154.596107
-26.088,13,154.606109
-10.061,150,154.723321
-29.96,150,154.849344
2.035,21,154.865349
-28.359,15,154.876352
-10.082,150,154.993869
2.743,29,155.016876
-24.613,16,155.033904
-24.351,8,155.039905
-4.881,150,155.164295
2.267,48,155.204841
-8.997,150,155.327476
-6.627,150,155.462259
1.733,22,155.483362
2.426,54,155.531372
-1.944,150,155.660714
2.598,46,155.705225
2.62,21,155.721226
-6.746,150,155.837263
2.079,34,155.863395
2.248,33,155.893513
-30.74,39,155.923518
2.683,28,155.944522
2.674,26,155.964943
-6.197,150,156.090329
-7.211,150,156.214083
2.586,32,156.243049
-3.631,150,156.371745
1.972,34,156.39775
-6.085,150,156.516888
-7.425,150,156.644942
2.504,18,156.66336
2.145,56,156.710458
-6.433,150,156.841909
-7.195,150,156.968146
-6.177,150,157.087193
-7.241,150,157.208321
-5.512,150,157.324621
2.302,30,157.347628
-3.49,150,157.470174
-14.215,150,157.586593
2.437,32,157.610753
2.74,21,157.627755
1.15,43,157.661762
-25.156,14,157.672764
2.208,24,157.694768
-8.463,150,157.815146
-32.445,24,157.834149
-6.199,150,157.95435
-7.598,150,158.082375
2.065,55,158.127846
-7.454,150,158.249182
-7.482,150,158.374796
2.706,33,158.404269
-4.305,150,158.526987
2.636,20,158.54299
2.65,42,158.574996
2.353,26,158.595
2.265,29,158.622248
-3.741,150,158.735269
-6.823,150,158.863293
-8.674,150,158.987981
-15.11,150,159.103866
-25.758,14,159.114867
2.133,31,159.139167
-14.75,150,159.257514
-4.313,150,159.375868
2.478,24,159.396875
-4.682,150,159.52422
-5.064,150,159.643746
-6.334,150,159.768827
-6.552,150,159.889006
2.9,41,159.929285
2.062,31,159.95945
-4.716,150,160.082746
-5.667,150,160.215425
-12.958,150,160.344171
2.376,43,160.382583
2.398,56,160.430098
-4.847,150,160.570572
-6.376,150,160.712708
2.508,29,160.740283
2.733,29,160.764363
-0.094,30,160.80472
1.8,27,160.827006
1.461,31,160.859481
-4.331,150,160.993351
-3.588,150,161.107516
-30.78,33,161.13252
2.548,29,161.155888
2.817,31,161.182893
2.956,39,161.217106
2.486,25,161.236107
2.48,22,161.256111
2.134,40,161.295529
-1.639,35,161.322881
-5.029,150,161.460445
-5.514,150,161.592419
2.117,24,161.611501
-4.36,150,161.732211
-9.496,150,161.845665
-37.503,65,161.899674
1.965,64,161.947683
-6.846,150,162.076086
-9.69,150,162.198009
3.055,45,162.232229
-9.227,150,162.351911
1.993,36,162.382916
2.83,51,162.421924
-6.67,150,162.539141
-3.875,150,162.655469
-4.558,150,162.774683
1.975,33,162.800316
2.556,35,162.8266
-26.093,18,162.841602
-6.947,150,162.963772
-10.484,150,163.089895
-4.642,150,163.216527
-28.093,29,163.243535
2.606,22,163.264769
2.769,23,163.282776
-6.632,150,163.402456
-5.712,150,163.537532
2.711,29,163.558833
-33.336,42,163.591137
2.683,52,163.632561
-6.617,150,163.762471
-10.314,150,163.877721
2.809,28,163.899154
-4.806,150,164.025113
1.58,27,164.046117
3.349,100,164.129284
2.375,26,164.153288
-6.921,150,164.272063
-13.252,150,164.395711
2.63,20,164.411713
-8.254,150,164.525951
2.781,30,164.549956
-14.016,150,164.68098
-8.687,46,164.715987
2.793,25,164.739992
2.351,35,164.770063
-4.483,150,164.887579
-0.121,59,164.934147
2.391,17,164.947149
-9.288,150,165.071513
2.964,40,165.103607
2.452,40,165.134613
-6.851,150,165.252478
-5.697,150,165.370997
2.437,27,165.395002
-4.809,150,165.514025
-9.268,150,165.627075
1.531,26,165.648083
-19.893,150,165.770378
-17.941,150,165.904191
2.128,24,165.922615
2.677,36,165.949638
-9.77,150,166.069351
-5.312,150,166.195693
2.438,33,166.224816
2.303,38,166.257823
-22.14,150,166.374625
-3.457,150,166.498816
1.482,28,166.51982
-25.407,12,166.52982
-14.253,150,166.646567
-8.318,150,166.764459
-3.558,150,166.887876
-7.592,150,167.001187
-4.693,150,167.121909
-16.5,150,167.24511
2.55,17,167.263113
-15.242,150,167.37737
-13.776,150,167.494342
-9.476,150,167.607046
-12.505,150,167.721335
2.858,31,167.746575
-3.45,150,167.865056
-7.847,150,167.985296
-5.191,150,168.105443
2.676,55,168.149623
-26.787,150,168.268872
-7.52,150,168.385895
-4.063,150,168.508166
-7.648,150,168.630422
2.459,24,168.649375
2.67,3,168.651376
2.587,31,168.681417
2.271,43,168.720573
-0.448,31,168.743944
2.534,31,168.766949
-7.314,150,168.882676
-6.845,150,168.997924
-4.106,150,169.117894
-6.559,150,169.668027
2.536,37,169.6956
2.303,35,169.726166
2.191,38,169.756572
-8.195,150,169.885679
-10.329,150,170.038818
-4.305,150,170.182959
2.408,21,170.203963
-0.357,30,170.225966
-22.087,150,170.33199
2.49,25,170.355009
2.392,40,170.392015
2.388,43,170.431023
-4.077,150,170.54478
-13.468,150,170.70505
-6.308,150,170.860864
-4.35,150,170.979702
2.543,42,171.014705
-8.809,150,171.137844
-27.762,12,171.147844
-7.321,150,171.278034
2.954,41,171.320053
2.941,44,171.362061
2.665,44,171.398071
-10.126,150,171.516026
2.787,30,171.544589
2.325,51,171.589145
-15.67,150,171.706907
2.31,50,171.755196
1.734,32,171.783202
2.344,54,171.82714
2.498,31,171.852143
2.651,29,171.874147
2.713,37,171.902152
2.905,82,171.969428
-4.669,150,172.090139
1.718,24,172.109143
2.638,19,172.126139
-12.5,150,172.241626
-4.403,150,172.36465
2.688,26,172.386657
-14.544,150,172.502473
-4.658,150,172.626776
2.815,36,172.654128
-5.386,150,172.771675
-3.435,150,172.885697
-10.32,150,173.004778
2.306,36,173.031783
-4.845,150,173.147928
2.821,39,173.184933
2.106,31,173.209161
-6.619,150,173.322322
-9.286,150,173.447804
2.67,3,173.450919
2.78,3,173.453919
-13.874,150,173.576928
2.94,36,173.616871
2.912,43,173.652671
-6.696,150,173.773118
-27.827,21,173.790121
2.347,33,173.820292
1.876,36,173.852454
-3.879,150,173.979557
2.638,24,174.003304
-12.181,150,174.131629
-3.58,150,174.249673
-6.157,150,174.363556
-14.437,150,174.481961
-4.431,150,174.595625
-14.312,150,174.731646
-6.654,150,174.854969
1.561,41,174.893122
-12.557,150,175.014205
-27.085,19,175.029207
-29.715,25,175.04821
-13.067,150,175.165244
-13.068,150,175.284963
2.182,27,175.306148
-8.59,150,175.429401
2.722,26,175.449974
-7.412,150,175.572769
-13.449,150,175.697076
-4.161,150,175.822541
-14.263,150,175.972156
-23.354,11,175.983238
2.758,20,176.004754
-20.241,150,176.148654
2.295,36,176.182824
-8.088,150,176.296924
2.35,29,176.319548
-6.663,150,176.451948
-14.734,150,176.570315
1.56,43,176.608693
-3.87,150,176.741899
2.403,29,176.764902
-7.118,150,176.884203
-4.351,150,176.995947
-11.3,150,177.116952
-16.414,150,177.237448
-22.442,150,177.352802
-4.489,150,177.475435
-4.892,150,177.593669
-3.949,150,177.719626
-4.848,150,177.851714
2.51,24,177.872761
-30.805,18,177.888764
-23.9,10,177.895766
2.867,54,177.937064
1.089,44,177.970347
2.74,3,177.973348
2.285,34,177.999353
-7.152,150,178.118502
2.658,39,178.148863
-18.291,150,178.266495
-11.817,150,178.378081
-12.317,150,178.492293
2.719,42,178.523711
2.659,40,178.553918
2.79,22,178.571222
1.88,46,178.60638
2.689,22,178.622838
-3.951,150,178.743214
-25.88,10,178.751215
-4.121,150,178.872416
-12.797,150,178.982621
-3.381,150,179.116359
-4.143,150,179.237698
-7.609,150,179.360545
-4.39,150,179.488378
1.894,29,179.511382
2.899,29,179.536885
2.611,27,179.558331
-5.675,150,179.680802
-26.519,22,179.697804
2.74,3,179.700805
-5.097,150,179.820231
1.46,27,179.841235
-12.378,150,179.962856
-25.035,18,179.977203
-7.117,150,180.100903
2.74,3,180.102913
-7.628,150,180.218934
2.619,22,180.237281
2.769,28,180.260101
-7.454,150,180.383779
-6.128,150,180.500042
2.765,3,180.503043
-2.257,20,180.521046
-12.963,150,180.63622
-6.859,150,180.786061
2.308,23,180.808667
-4.311,150,180.937102
2.505,24,180.966447
2.543,48,181.013905
-3.968,150,181.156222
-7.06,150,181.286419
2.21,27,181.308423
2.78,27,181.329427
2.976,45,181.36688
2.621,47,181.415108
1.863,24,181.433113
-4.242,150,181.552175
2.394,26,181.578404
2.754,34,181.61141
2.526,18,181.624485
2.056,26,181.650507
-7.61,150,181.770177
2.204,50,181.808618
2.565,23,181.828197
-19.0,150,181.946125
2.395,33,181.971128
-4.194,150,182.098374
-11.098,150,182.218737
-6.914,150,182.33755
-4.949,150,182.456977
1.105,49,182.499984
2.531,33,182.524232
1.837,46,182.562843
-4.827,150,182.692111
2.749,54,182.74144
-4.17,150,182.866858
-13.368,150,183.002011
-4.494,150,183.124695
2.477,32,183.151726
-4.091,150,183.268997
-12.351,150,183.395894
2.026,31,183.42027
2.373,30,183.443588
2.539,23,183.460805
-9.57,150,183.580934
2.68,29,183.60415
-7.313,150,183.718768
-3.895,150,183.848529
2.578,26,183.868533
-6.848,150,183.989966
2.04,31,184.016112
-9.18,150,184.135067
-13.724,150,184.256404
-6.967,150,184.376832
2.258,25,184.397159
2.615,26,184.416665
-7.43,150,184.545757
2.639,30,184.575762
-4.929,150,184.706011
2.626,17,184.718385
1.781,41,184.749409
1.615,40,184.784126
-7.337,150,184.899157
1.854,30,184.922162
-6.998,150,185.051971
-4.208,150,185.173071
-4.805,150,185.29114
2.784,25,185.311449
-13.831,150,185.428191
2.675,24,185.452023
2.822,52,185.498458
2.207,31,185.522721
1.558,55,185.564521
-3.68,150,185.693007
2.497,23,185.714291
-35.327,24,185.732295
2.749,19,185.747298
2.45,30,185.770673
-5.299,150,185.896755
-1.691,50,185.937288
1.573,26,185.956439
2.712,25,185.975666
-9.985,150,186.097023
